m/z 35.00 ch3;37/21
0.267889982;17.10048873
0.364954101;15.92569315
0.293602108;15.94132619
0.180897401;15.64534085
0.251858578;16.21265085
0.408631625;15.78416667
0.07075584;16.02330919
0.20912093;14.97143152
0.321617747;15.17057331
0.175839257;15.24329354
0.17819718;16.5352107
0.361092576;17.40629334
12.44594692;16.61865272
19.45924238;16.83911832
159.7092829;16.29982311
1691.734182;11.97438262
2723.286723;8.634424738
2874.603733;7.847451693
3476.507405;6.712350453
3306.904314;7.238399965
4115.435945;6.300525069
4548.923648;5.526006468
4997.72024;5.252806542
5197.494424;4.619927184
5557.050924;4.97198993
5610.246073;4.410662901
5881.87825;4.754898806
6050.185736;4.479048823
6215.089601;4.214208283
6372.409568;4.454282939
6316.753622;4.183384277
6717.453953;4.386684732
6387.328144;4.087666927
6726.930025;4.067294633
6865.680313;4.351665314
7142.816125;4.315948424
6804.730122;3.854975171
6847.276105;3.943138303
7010.859573;4.059549157
7019.317209;3.927818185
7572.642553;4.179671198
6989.2508;3.999171338
7287.96441;3.937570193
7621.67875;4.030743538
7151.518971;3.739988771
7147.200562;3.847458475
7512.9924;4.06306399
7430.877664;3.993115269
7390.884083;3.701035543
7392.206876;3.84878332
7565.186087;3.725671737
7427.089066;3.818579787
7683.257167;3.903943067
7384.029679;3.807946764
7782.409651;3.866857973
7803.936379;4.010546407
7622.274485;3.882720698
7768.126918;3.790127445
7663.402948;3.681521826
7775.724692;3.857838663
7777.66412;3.806438372
7715.337318;3.708168372
7981.562151;3.960015455
8026.700584;3.873851286
7662.034341;3.574770182
8092.226259;4.02233617
7727.872878;3.802228785
7952.459342;3.838442624
8016.933027;3.941814192
7894.759148;4.025091644
7672.133696;3.770985727
7981.754024;3.878011432
7863.999771;3.64222692
8032.23722;3.836410131
8270.769914;4.240410336
8001.747741;4.005239192
7974.275425;4.005217838
6953.743767;4.11791192
6501.764106;4.170474818
6561.008686;4.1452444
6877.189546;4.155067529
6917.326561;4.41229046
6922.694938;4.321865072
6582.993656;4.07841332
6851.702413;4.339148663
7169.753099;4.270573002
6921.961548;3.809336756
6903.826853;4.092680592
6927.057584;4.380720564
6546.112043;4.353643741
6346.972669;4.317251914
6226.600577;4.461749266
5948.438616;4.718885857
5570.746052;4.545838577
5595.017475;4.989474829
5327.333557;5.173000243
5247.613443;5.264274069
5194.95234;5.362705076
5138.055189;5.150410959
5180.567615;5.343627047
5147.047223;5.432475489
5191.660752;5.460981915
5105.093339;4.802276858
5195.912736;4.987764594
5127.106283;5.090851544
5266.478181;5.129836439
5027.161789;4.935657713
5215.689734;5.131544557
5303.345955;5.524788878
5226.356874;5.051438751
5089.017327;4.895316093
5228.657232;5.140321304
5455.300472;5.266516365
5376.10195;5.174147521
5346.018429;4.956540165
5417.680642;5.148742516
5404.90518;5.139777667
5379.156487;4.924955148
5194.602395;5.273570405
5199.7667;5.397649549
4994.978671;5.128428818
5127.958192;5.382734788
4835.435136;5.467270796
4938.622429;5.964932863
4950.810137;5.921575134
4620.965262;5.621039162
4676.972394;5.896094732
4708.797042;6.22362492
4455.897008;5.773175975
4692.663922;5.941269609
4670.169576;6.009812521
4693.074839;5.837397789
4716.05792;5.889989607
4678.448523;5.888021715
4736.772308;5.51504722
4812.329105;5.564172852
4803.303242;5.824552658
4863.592526;5.784212671
4658.704924;5.717763281
4745.244438;5.823380657
4730.819325;5.961164856
4671.439023;6.074218916
4501.556649;5.819403889
4656.731735;5.651490589
4696.585697;6.023678323
4584.108909;5.642166102
4528.715995;5.641550881
4537.231349;5.771860467
4593.090527;6.045310791
4586.58748;5.854566492
4586.750249;5.918634626
4779.270736;5.936075438
4706.150229;6.020683196
4725.532631;6.305091466
4700.695722;6.115688893
4620.639779;5.557361694
4604.54844;5.713158876
4559.736096;5.784846448
4653.87838;5.805155569
4823.974895;6.132055909
4777.647315;6.083879576
4606.430465;5.679182175
4749.014535;5.610785045
4631.42573;6.093197566
4639.499622;5.81312706
4642.891204;5.696168269
4551.419204;5.809200264
4748.605675;6.338589972
4523.9571;5.851513339
4471.323206;6.551747039
4287.300644;6.167988286
4378.095441;6.553967871
4239.577458;6.400979353
4274.967661;6.877832721
4124.038893;6.453950017
4070.943687;6.72311937
4055.946669;7.062423968
3936.471301;7.13496538
3889.233731;7.15462646
4012.11294;7.195643563
4024.469485;7.091157614
3825.264459;6.991451049
3898.463783;7.065154807
4009.178366;7.336625574
3849.239032;7.511873145
3855.93519;7.338610124
3970.063067;7.938927333
3983.540382;7.762973718
3872.628928;7.513927708
3844.416305;7.557662607
3865.381866;7.230551293
3845.329891;6.856833284
3989.369555;7.085533025
3921.353364;7.046556883
3951.850889;7.363844872
3965.064702;7.376483369
3886.757894;7.30198675
4053.029041;7.605431005
3919.317677;7.462114617
3979.817538;7.589997908
3949.712978;7.283628266
3842.693692;7.377593696
3777.054201;7.3852402
3833.901453;7.704882063
3727.917655;7.370079241
3764.458186;7.45278263
3851.963885;7.801072799
3895.393444;8.009876424
3840.079486;8.332675454
3595.518478;7.463344984
3633.14187;8.135288675
3592.562776;7.833878179
3610.949222;7.58945032
3601.052096;8.291662057
3718.628171;8.526472437
3639.323999;8.035101898
3585.142421;8.186108589
3599.842087;8.321566584
3531.167119;8.339167802
3601.023272;8.360877466
3686.414077;8.669942059
3592.955431;8.417750979
3781.704562;8.7867832
3602.21695;8.417928276
3584.591463;8.403989836
3641.01789;8.808111079
3514.52618;8.636754739
3497.0259;8.770647849
3425.318432;8.548666968
3409.227787;8.949660272
3368.148418;8.849311735
3417.826125;9.17627082
3423.965046;9.67538343
3262.585642;9.177271153
3290.793886;9.32140582
3398.21904;9.778175565
3175.139012;9.113762256
3342.488162;10.4998369
3156.959352;9.713992266
3282.422492;9.872947282
3064.782748;9.833999904
3205.382612;10.0118606
3103.897368;9.589853504
3202.691164;10.20011682
3138.707017;9.891383085
3116.446432;10.25090143
3110.739097;10.50081333
3124.468737;10.50631238
3105.27181;10.30034123
3048.164957;10.02308463
3035.869483;10.10355945
2993.344549;10.34420211
3153.363136;10.94955027
3042.546339;11.09736098
2929.430265;10.51818803
3069.425166;11.68579095
3054.381744;11.24463688
2897.205343;10.2408612
2969.458659;10.36084038
2995.153214;10.61034341
3028.863191;10.56031441
2996.227424;10.56743624
3083.588719;10.94084077
3057.76973;10.52876945
3160.498233;11.00401894
3125.307152;10.59362317
3189.391792;10.94757684
2945.642991;10.40380526
2984.289483;10.59321993
3063.317201;11.24611928
2961.478843;10.94314409
3084.757294;11.42974335
2951.784885;11.18693432
2917.177854;10.55304867
2904.077137;11.19150799
2961.346284;11.89510866
2925.086885;11.586783
2899.748025;11.57796587
2869.706951;11.86783254
2802.090645;11.63790394
2934.985312;12.39496962
2958.19402;12.53789116
2869.691315;12.17429916
2891.750037;11.83245795
2820.323125;12.1892083
2810.014239;11.57838544
2851.504767;11.88689998
2916.200866;12.30378593
2864.967234;12.13378387
2854.698018;12.13794046
2791.21514;11.690603
2909.138229;12.12030194
2922.578787;12.03627518
2739.692057;11.49744131
2832.853575;11.84880911
2842.619494;11.4188257
2890.220191;12.14067835
2813.17192;11.17296666
2978.882187;12.26591501
2879.627708;11.45109139
2858.928224;11.42915675
2835.030847;11.70846541
2778.32877;12.0600785
2851.853416;12.2931593
2876.191714;12.99102654
2763.606292;12.48399567
2764.599161;12.43841919
2844.062934;12.38873759
2802.04838;12.37936898
2835.787409;12.52815616
2810.725154;12.39972738
2933.281943;12.87609712
2784.91589;12.36805979
2755.45354;12.65551526
2665.275011;12.60339406
2788.938105;13.26748824
2676.534255;13.01286158
2681.005166;12.65141607
2737.956671;12.83892588
2777.645394;13.34772118
2647.816441;12.64687977
2741.170755;12.76038149
2735.789741;12.71722535
2732.897165;13.03888779
2666.615245;12.67191421
2807.720875;13.01647753
2696.019464;12.55852792
2679.08931;13.01898282
2589.639373;12.99528316
2630.956841;12.46543126
2732.870004;13.65410845
2716.54852;13.63746593
2649.054124;13.39784323
2724.772489;13.79825372
2579.195059;12.93905425
2711.200826;13.53218871
2616.728523;12.94780371
2665.754559;13.51397138
2706.851909;13.7699039
2559.657842;12.99306513
2540.875724;13.42400021
2713.941519;13.64843161
2760.037887;14.31346412
2720.742858;14.60936798
2780.44287;14.56299956
2562.965599;13.40240465
2733.707953;13.8492347
2744.511526;14.7394088
2586.544993;13.43355304
2664.305263;14.55008895
2612.814598;13.60746847
2613.793724;13.49569544
2604.337803;13.75761971
2596.756914;13.96733596
2671.184493;14.06303546
2670.43687;14.41694105
2546.846722;13.6241073
2569.753443;13.4072579
2560.988596;14.08700158
2662.140476;14.14944607
2609.654372;14.2906937
2550.801324;14.08614787
2573.760931;13.90480561
2456.151449;14.06380321
2612.211818;15.2348161
2545.122161;14.73151597
2572.945368;14.41373732
2618.132612;14.75063808
2653.580201;15.35394674
2597.192631;14.66982547
2560.577033;14.48411557
2573.855195;14.40417305
2522.998766;14.23529824
2477.510938;13.72691711
2596.11497;14.43496932
2501.833736;14.14210703
2638.054994;14.95081707
2505.656744;14.38068275
2515.003357;14.85848602
2517.565273;15.04723497
2535.957686;15.27804967
2579.767404;15.27902319
2500.716893;14.75997297
2546.555954;15.3265059
2549.42931;15.12509658
2461.183599;15.28582432
2499.427765;14.83206305
2527.675659;15.24879338
2557.610209;15.36675764
2588.990428;15.2807737
2468.229187;15.12080225
2538.490003;15.77152678
2515.215892;15.7297436
2469.712484;15.37000133
2461.386686;15.60262179
2468.663302;15.78112446
2547.115374;16.5323467
2450.874186;15.44457795
2445.256818;15.98344298
2476.628367;16.0283968
2457.756893;16.42051423
2459.046946;16.09639609
2467.374612;16.0668208
2334.827366;15.48967442
2398.606724;15.80493242
2444.303871;15.88509306
2407.290067;16.18104998
2430.934577;15.74787393
2371.206269;16.06788835
2453.709656;16.54269468
2435.476061;16.14768772
2376.889831;16.16771674
2391.384119;16.26333322
2395.89947;16.41666077
2406.759931;16.27583295
2422.084198;17.30195205
2271.864518;15.85450481
2372.104406;17.22481116
2366.500594;16.88351476
2385.720889;17.07388178
2443.437094;17.45303872
2355.986223;17.07488712
2392.144188;17.03411448
2340.240143;16.94189363
2385.890304;17.73915242
2342.345325;17.37047453
2303.099394;16.74137786
2404.213815;18.17799624
2283.258302;17.1534722
2435.410032;17.70953151
2349.872057;17.39434447
2366.845475;17.94045222
2292.441358;17.08974632
2329.479262;17.05552594
2281.190856;17.40375845
2305.819167;17.37957737
2278.741829;17.50282973
2358.678417;18.28083309
2314.086517;18.17218908
2268.147482;17.62685913
2310.160156;18.21191074
2232.631616;17.94394965
2320.735683;18.55948108
2211.819698;18.38278677
2269.920825;18.08162911
2347.289042;19.07010408
2274.771416;18.56012064
2334.834025;19.03555544
2278.899151;19.33543018
2283.6305;18.23558123
2210.444477;18.10559482
2220.527046;18.23384112
2223.80634;18.47104227
2211.403895;18.10547907
2195.253834;17.76365005
2278.662835;19.51699076
2194.347586;18.25642982
2163.640542;18.557511
2204.6826;18.67285446
2235.327535;18.71666058
2321.099437;19.69916699
2124.099786;17.93146299
2226.407053;18.85227763
2170.639481;18.51748039
2157.155727;19.20981009
2253.650823;19.75729228
2244.411164;20.01924933
2161.394264;19.152538
2277.889898;19.96550846
2203.893363;19.48321484
2190.291089;19.63698501
2304.27536;20.69255826
2168.622583;19.42672064
2215.347478;19.96197782
2196.994873;19.19646215
2168.593051;19.74623282
2199.916414;19.87253792
2183.913187;19.6843943
2131.365383;19.8437509
2177.378112;20.45978811
2169.953296;19.85377241
2162.011348;20.59292741
2210.264313;20.59257103
2157.825025;20.04146639
2124.754345;19.87114509
2180.206054;20.24590559
2114.224737;20.25542341
2124.907562;20.25637541
2127.906711;20.58786229
2187.038107;20.86481593
2236.066019;20.94134333
2123.010358;20.11039397
2217.860595;21.24671444
2187.70739;20.68562269
2084.4618;19.55561513
2097.566909;20.02570265
2107.600964;20.19187089
2098.965201;20.50336765
2157.962412;20.30706367
2136.145655;20.52499331
2118.932113;19.85119938
2117.151814;20.99146431
2078.38211;20.2365093
2141.277111;21.0283188
2137.802031;20.3312852
2083.499485;20.08487195
2072.16388;20.70259168
2054.386969;20.67956864
2093.869405;21.09469294
2089.184661;20.87287455
2117.102175;21.07082381
2122.697588;21.6766933
2157.800836;21.70608073
2144.038892;21.22926714
2059.013911;20.71618175
2058.335262;21.02984987
2130.69633;21.56412212
2036.135134;21.07123784
2068.273747;21.54136163
2071.158354;21.72125525
2100.805348;21.77443496
2118.333374;22.03919711
2083.913443;21.6208925
2068.828019;22.15649836
2003.140815;21.37112365
2008.48179;21.45606104
2077.744765;21.69536794
2069.061904;21.91725846
2095.236845;22.38336354
2155.08676;23.12385584
2081.550169;22.10968541
2063.441634;21.93494551
2061.575292;22.16963292
1994.827801;21.81758936
2009.029665;21.7312583
2064.082805;22.0984661
2029.561715;22.19940464
2023.702282;22.81982242
2024.675715;22.07894743
2105.730376;23.61471986
2011.759648;22.37557788
2004.749705;21.99492961
1993.465023;22.50280888
1980.949852;22.43348447
1914.860581;22.1914554
1977.115747;23.15738388
2043.753561;22.94898136
1989.33625;22.6672296
1975.696017;22.96317336
2081.32141;24.64970771
1927.498697;22.26644135
1957.061128;23.37905316
1950.289124;22.83025986
2001.404453;23.65435107
1944.140027;22.76080834
1996.204259;23.78212768
1942.718514;23.0935892
1887.979948;22.56696865
2033.773405;24.50958903
1997.851796;23.15503404
2020.541091;24.383591
1989.839115;23.69130641
1990.322837;24.25586694
1984.288986;23.79688989
1932.896923;23.42791623
1922.305192;23.77800986
1946.248786;24.13486501
1925.981394;23.3861257
1992.640049;24.57204961
1936.688016;23.59817521
1972.26452;24.65288189
1925.504334;24.03798701
1889.541837;23.87895426
1915.118353;23.76949913
2001.771767;24.77006016
1919.831206;24.60572189
1992.055387;25.07029484
1929.803874;23.89181675
1951.758712;24.54117523
1877.181669;23.54136783
1940.948389;24.87975078
1931.552523;24.77379599
1932.376213;24.14928213
1908.492093;24.77072483
1975.018164;24.54010061
2010.819611;25.68189889
1973.825763;24.83154758
1934.110635;25.47136368
1991.677952;26.02961132
1953.627575;25.34561499
1926.013752;24.96311822
1925.693149;25.34745613
1994.877121;25.56530752
1934.506353;24.87111934
1915.539571;25.19963643
1948.19984;24.98695642
1886.642439;24.54158058
1925.767098;25.53113537
1961.617851;25.96703659
1923.401132;25.0962293
1984.532029;26.59779109
1884.454323;25.08371408
1948.966798;25.54482197
1944.495774;25.81265185
1991.382251;26.68072922
1896.327532;26.122612
1926.05087;25.4196754
1886.300694;25.29054283
1952.388924;25.95381765
1815.474999;24.42389213
1934.297482;25.83995967
1895.820131;26.02587084
1793.666844;24.17985811
1882.220932;25.72749223
1907.278524;26.00229753
1892.536151;25.91687108
1885.254298;25.52958201
1917.263684;26.17544922
1890.761855;25.75542197
1901.748024;26.63597816
1851.97555;25.37829586
1889.294724;26.08221783
1916.422952;27.13651578
1876.051215;26.03582951
1919.038215;26.56680217
1914.021094;26.5062459
1776.670249;25.40112544
1902.172328;26.97743454
1837.983688;26.12105585
1876.227774;26.33022703
1939.233102;28.22914475
1898.613447;26.44602389
1910.388036;27.57038859
1875.845655;26.85290033
1868.035167;26.78186463
1823.486293;26.1517272
1848.894104;26.23059611
1883.844875;26.90007794
1871.964283;26.82809691
1837.732505;25.95737366
1812.764285;25.98519177
1886.848642;27.32112373
1862.250385;26.8014025
1850.613735;26.85608162
1835.508059;26.70562111
1852.256052;27.20155072
1836.754754;27.10429398
1801.46808;26.65120238
1887.887445;27.61080065
1803.248724;26.53923058
1820.260673;26.14890126
1847.262302;27.06709764
1864.209272;27.89638714
1788.889846;26.31379204
1851.809545;27.98014845
1834.872905;27.87343906
1821.647829;27.32222886
1805.488311;27.37684144
1825.198939;27.47089138
1882.531545;27.25093451
1858.236497;28.38371665
1812.760922;27.28894805
1783.652506;26.78250877
1758.082835;26.36595384
1769.554344;26.70925818
1779.379407;27.41093138
1823.416342;27.55766759
1827.211541;28.11177975
1828.988688;27.99201596
1883.841189;29.76444897
1830.500206;27.51112713
1795.858528;27.93012451
1760.689245;27.62455685
1791.258722;27.52441186
1811.353298;28.55633845
1833.685542;28.56303293
1854.710573;28.70338809
1848.901842;29.27227745
1813.971465;28.55471264
1797.015437;28.40768492
1766.817398;27.35039316
1789.242933;28.22792626
1829.881312;28.97900546
1824.970376;29.28129306
1809.818289;28.89426592
1849.950199;29.07187866
1800.945478;28.27080378
1865.040838;28.95655512
1788.789368;28.25526888
1841.781161;29.52798127
1838.302619;29.550667
1724.613277;27.96369171
1803.07446;29.37029605
1782.070203;28.09240843
1772.730442;28.11111474
1768.569924;28.02226291
1805.27882;28.64347782
1775.698664;28.24621106
1764.843367;28.2595568
1757.856849;29.08968113
1802.32387;29.62862915
1779.798141;29.20327903
1793.94351;28.79834941
1751.345766;28.53318133
1756.539827;28.91813079
1731.089199;28.09832708
1779.872085;28.78719719
1756.973087;28.72418373
1797.921942;29.50726412
1726.282386;28.39472002
1745.894712;28.23266358
1770.822474;29.24962481
1780.882151;29.2539313
1770.9788;29.59718539
1741.053074;29.05878353
1812.681697;29.26919275
1789.402189;29.9449063
1773.679841;29.21973241
1748.444019;28.58368979
1784.6506;29.19658235
1828.619486;29.95897604
1782.623673;30.13975542
1709.618416;28.29149241
1831.871576;30.34248781
1801.333984;29.95183942
1718.020849;28.67262257
1721.423145;28.65026229
1758.51225;29.64333405
1752.202471;29.07980789
1765.111768;29.85110763
1781.059516;29.54554583
1782.035707;30.06263242
1806.143176;30.37306916
1762.828179;29.26348226
1833.964673;31.06803174
1779.674957;29.81010134
1774.922906;30.64597211
1807.267664;30.70463615
1763.640939;29.7681193
1769.091039;30.26613562
1749.844326;29.89497759
1806.531043;31.55382652
1719.843498;29.49742187
1782.929043;31.03547677
1746.435168;30.1784679
1723.096797;29.38312363
1702.057148;29.29665708
1778.622879;31.04475735
1794.311597;31.56354079
1728.320217;30.03975278
1739.827407;30.10474593
1706.738284;29.79404905
1762.323262;30.39339821
1759.941661;30.20912182
1756.820406;30.43929369
1674.283246;29.06648544
1769.347418;31.27529279
1730.781439;31.16616346
1726.447793;30.2562257
1726.711319;30.47251289
1692.444451;29.67887481
1750.131103;30.9613631
1723.69548;30.11863313
1763.899174;31.80217337
1725.270276;30.19350205
1693.72128;30.19845962
1797.385489;31.65991927
1821.832605;32.09938936
1768.63316;31.2821495
1737.011215;31.04009886
1734.670676;30.68207537
1757.182495;31.18435495
1717.948772;30.76517634
1804.750722;32.42333494
1715.187508;30.89178784
1722.49699;31.43072559
1708.122192;31.03470492
1734.260632;31.41310185
1679.072005;30.04605536
1724.43307;32.00811207
1717.387609;30.81002785
1649.245763;30.0555632
1726.065106;31.0801164
1681.602812;30.73404822
1675.345417;31.36049025
1724.635132;31.26999345
1699.689556;31.22721977
1727.564315;31.32955184
1679.294699;30.51526482
1705.47784;31.84994052
1683.68934;30.84766369
1675.726919;30.76415181
1677.49868;31.69477012
1740.380706;32.27015827
1716.822155;32.43371835
1721.783921;31.80636311
1695.748986;31.09804594
1681.558326;30.85826036
1764.544083;32.49087167
1677.18549;31.96025423
1700.633893;31.66736543
1677.763826;31.86952551
1748.241222;32.68385573
1703.264652;31.9489484
1676.879699;31.10140221
1734.441155;32.38488847
1697.508004;32.3570631
1711.899419;32.23243201
1683.197378;31.85698965
1693.003756;31.66496715
1720.85903;32.11612136
1733.333244;31.67960327
1699.101464;32.05839576
1681.466474;31.19370502
1690.95037;31.71151221
1683.751495;32.03508357
1689.694583;31.75908642
1716.658909;32.37341547
1692.639746;32.19301682
1699.600912;32.92206303
1668.699111;31.62691857
1630.282993;31.276387
1701.134153;32.23441324
1653.412662;31.59188929
1684.146645;32.27169348
1671.919084;31.86419159
1754.538461;33.91899013
1626.073657;30.84808068
1622.53866;31.09933782
1742.240939;32.87901772
1634.72969;31.20808537
1720.823781;32.57142902
1669.504724;32.46878955
1632.914341;31.43216037
1635.528988;31.45204371
1672.429151;32.24762051
1625.209138;31.5052838
1639.264314;31.44922172
1676.176205;32.237841
1694.830988;33.89773072
1650.967696;31.82470767
1666.266415;32.70368112
1645.840612;31.25889113
1686.129177;32.62883729
1707.874618;33.49557731
1678.093523;32.26955471
1684.946351;32.62595278
1638.168682;32.14195758
1671.136822;33.03128062
1715.078088;33.99421775
1749.557855;34.06296846
1749.958256;34.50105874
1650.448957;32.64611158
1651.648823;33.4981523
1731.38866;34.13447352
1698.648797;33.92267368
1605.312678;31.75242883
1655.224859;32.33849461
1656.991127;33.23802749
1658.703956;33.54976351
1749.905927;34.93611559
1652.764338;33.07457161
1682.049625;32.96360349
1674.614652;33.9748452
1700.140505;34.04187675
1695.218153;34.01754484
1595.152929;31.84439175
1664.25339;33.29378563
1571.703551;31.41704256
1614.626629;32.56473586
1719.420461;34.49067045
1682.701241;33.56511453
1617.983152;32.04190999
1648.721554;33.44812905
1631.213489;32.39491063
1655.260423;33.3759864
1638.226442;32.62074676
1693.124032;33.88431903
1666.375577;33.18908128
1675.314283;33.9435714
1657.798197;33.5823079
1631.902948;33.02104765
1701.343167;34.03019227
1662.220066;33.48914689
1700.738331;33.72782586
1704.515197;34.5732365
1649.918767;33.81387303
1693.141092;33.56059423
1647.565491;32.95302579
1726.622521;34.7020495
1624.427398;32.50887462
1637.98163;33.79370075
1693.349967;34.56261012
1641.995547;33.19150651
1698.097433;34.37236652
1681.449099;34.26503293
1683.703653;35.404235
1614.204414;33.56597146
1634.124648;34.06183343
1665.662523;34.08114159
1661.52938;34.13156208
1649.377497;34.05137356
1641.809656;33.33943012
1690.891011;35.53156687
1685.958642;34.74385425
1649.890973;34.2991384
1618.577981;33.70003219
1614.882458;33.01620149
1644.024071;34.38050864
1651.116375;34.56156938
1624.927682;33.61660574
1724.783397;36.22773229
1665.736482;35.36605834
1648.214772;34.30226512
1644.443954;34.5560301
1601.831522;33.20541855
1628.677668;33.98666702
1666.035517;34.90242544
1590.495839;32.19050814
1653.626071;34.4652854
1671.471123;34.43772578
1581.541862;33.00596052
1669.321867;34.94355713
1640.985774;33.87107062
1646.379076;34.01870622
1685.129134;35.73546056
1647.887709;34.57173258
1647.189475;35.21454101
1724.128998;37.43668467
1556.740705;32.6963107
1672.672314;35.01282233
1676.651934;35.67490873
1652.06616;35.70103614
1666.864917;34.45947198
1640.523869;34.25137146
1651.594216;35.13738892
1623.047659;34.51052882
1575.857275;33.92656484
1679.362839;35.1701201
1679.00234;35.08597148
1623.851196;33.76560343
1645.351313;34.98928443
1642.396425;35.43199218
1681.327548;36.43027453
1602.765684;34.48661742
1629.448615;35.28165389
1657.474759;35.13183663
1616.923872;34.93610369
1616.576749;34.41593055
1607.98649;33.79926686
1698.275183;35.97491188
1656.550115;35.14801794
1625.005289;34.26672193
1560.31081;33.54035332
1585.899856;34.11774998
1608.988415;34.58300836
1624.871704;35.19179973
1616.274019;34.83835578
1642.664727;35.51400018
1645.069759;35.5688228
1580.560267;35.15580112
1609.573192;35.14894361
1630.8561;36.21496333
1601.155251;34.45231783
1673.123866;35.71750974
1581.879668;34.21717824
1615.278277;35.55211918
1565.285657;34.05138278
1601.208211;34.21857979
1619.180535;34.28226849
1644.117015;35.93783723
1735.330929;37.64962457
1583.211931;35.20777882
1614.406306;34.72654727
1661.392228;36.35341062
1653.678241;35.4866747
1587.274104;34.87001728
1652.298518;35.706097
1547.752221;33.0211401
1616.600239;35.87868763
1599.768734;35.07774369
1630.165177;36.32237919
1628.612022;35.34008569
1579.829089;34.66327897
1625.204407;36.12683831
1631.829083;35.83344331
1584.680193;35.2581002
1629.485366;36.77746022
1666.874125;36.55576168
1582.75616;34.28631376
1646.71766;36.09358462
1715.794653;37.87084317
1585.123136;35.3998181
1587.984944;35.21660643
1656.942321;36.21040081
1584.223642;35.09539107
1603.319771;35.95884541
1541.006512;33.67357296
1599.447701;35.73664901
1604.555923;35.63204789
1580.556806;35.50695791
1600.633245;34.85745783
1643.879753;36.6813574
1604.703365;35.32160367
1567.273801;34.86366702
1612.499656;35.71284997
1567.028874;34.74173221
1620.845702;36.27801435
1607.726874;36.26828752
1585.582292;35.13127621
1606.804211;35.27581403
1650.580075;36.44527915
1601.87302;35.29961472
1599.396529;35.91239033
1594.067714;35.84996135
1595.286942;35.72898018
1664.276339;37.36328405
1595.517538;35.93104757
1589.332943;35.7654332
1577.294097;35.88184715
1556.331477;35.77957817
1639.758254;36.29372239
1600.426601;36.28563365
1622.751372;36.79499152
1593.943886;36.42869433
1626.383164;36.73060478
1609.624337;36.46479692
1584.86135;35.93243609
1620.397347;37.73854373
1596.958521;35.72403559
1618.590382;36.90582123
1631.078136;36.64159594
1588.907526;36.16438836
1607.175981;35.8740876
1670.141887;37.14508149
1623.058979;36.48265833
1582.943486;35.20530342
1680.548689;37.64324539
1602.369089;35.48042805
1624.692946;36.50923909
1607.43772;35.71337777
1630.375808;36.67398184
1639.506652;37.28929892
1601.889405;35.73514646
1568.732293;35.4511747
1606.705937;36.07370766
1614.721873;36.71700995
1580.446379;36.29969736
1562.4069;34.42650266
1581.015485;36.59744273
1622.759387;36.72486782
1610.022781;36.85694291
1618.344107;35.21671774
1576.188917;36.43619539
1622.010636;36.92207472
1615.778414;36.74639045
1539.060007;35.08061389
1632.383977;38.08126072
1560.032111;35.51902442
1621.158011;37.10763813
1598.1661;35.93155213
1611.48249;36.78074868
1549.593017;34.46432927
1531.521198;34.78034376
1636.53696;36.86116945
1590.454494;36.33545258
1556.537917;34.3437476
1601.944616;36.92128684
1587.913975;35.94549464
1657.460539;37.86680027
1587.385566;36.19545946
1565.037564;35.62272733
1633.644755;36.89791849
1601.02244;36.08891904
1679.309344;37.68928262
1621.128286;36.48186324
1597.963065;35.96390485
1645.786246;37.17700723
1599.255003;36.11533401
1558.863411;35.7630583
1567.447904;35.57803433
1628.505109;37.79666395
1584.351114;36.31867194
1597.136044;37.74513711
1579.916654;36.71732528
1616.298608;37.03662542
1644.029413;38.33465373
1596.943084;37.77113988
1603.197597;37.06784249
1561.265852;36.56612094
1578.382674;37.10258201
1556.823949;35.94230429
1675.782673;39.16084026
1537.955825;35.60642264
1583.092673;36.63034727
1606.205072;37.1745728
1574.910083;35.80588781
1664.168323;37.83290272
1577.655871;35.44385831
1648.327957;38.025467
1600.573013;35.54943131
1591.577598;35.5917708
1650.071638;37.01907343
1571.324785;35.57268976
1654.409544;37.97809812
1652.635548;38.65147368
1664.970786;38.94104154
1601.02316;36.21206912
1624.483351;36.9146213
1633.137978;37.53735924
1582.518721;35.92928485
1537.907535;34.70257807
1569.378224;35.58845199
1566.406647;34.89863453
1589.884186;35.63825999
1633.668945;36.45612617
1636.411613;37.17968774
1536.811858;36.07327252
1576.557125;36.7553459
1629.591532;38.60025199
1575.524466;38.0360908
1579.71441;37.74273679
1579.387509;37.93970812
1575.871143;36.72823429
1549.469009;36.47435156
1571.563952;36.85202159
1573.452357;37.30875616
1600.49628;37.70373366
1558.649368;36.2040119
1590.790738;35.97762386
1667.438483;38.4118415
1595.826723;36.42463628
1614.835045;37.50910716
1586.722008;36.87245193
1569.701115;36.98747136
1590.032951;36.73488584
1582.495569;37.12981152
1576.270687;36.4756381
1506.427;36.0930873
1549.837268;37.10325993
1590.251327;37.06711973
1593.89423;36.90588688
1599.421504;38.75954002
1547.576581;36.42521989
1540.691126;37.07956394
1550.766643;37.17735357
1565.630305;38.55078454
1537.895781;37.08444368
1569.550738;38.1909553
1590.85961;38.74518317
1550.961244;37.73203994
1552.379889;38.15148674
1615.714367;39.97113017
1564.756171;37.7525765
1554.111978;36.09827007
1577.617848;37.54178933
1574.706069;36.96906044
1538.697677;35.371815
1565.700205;35.97354554
1605.695907;37.73893593
1584.725932;36.91881928
1638.979167;36.90106966
1602.351146;36.89946259
1611.69022;36.61796635
1582.894402;35.64984611
1631.180539;35.30216564
1614.144279;35.85610084
1567.002011;34.61682618
1592.741626;36.04940653
1600.306177;35.95500063
1582.912405;36.06061015
1599.696336;35.30042184
1585.566138;35.91798026
1630.414466;36.72636575
1669.822143;36.61314579
1542.00201;34.92794407
1589.489269;36.19223842
1621.062133;37.11543751
1592.633185;37.59625527
1598.101323;36.33820073
1597.988519;36.35376211
1608.248404;36.58704231
1647.536006;38.54743907
1598.902245;37.89371923
1575.336274;36.41387562
1588.876345;36.56479742
1551.378039;37.11608001
1610.208559;38.04451083
1563.704639;37.58983789
1577.133947;37.29190599
1583.439583;37.23000577
1500.296009;35.770612
1601.599334;38.07097333
1621.306838;39.0102978
1575.628396;38.41390176
1529.964561;37.51903346
1548.576263;37.74915096
1578.675993;39.37578107
1545.913983;38.22388665
1543.025684;37.44735496
1546.427716;38.00290365
1562.868675;37.39186545
1578.338607;37.62686613
1545.117255;36.4069976
1608.227735;37.67001721
1578.717109;37.67148159
1575.66206;37.65258971
1568.275081;37.92823471
1603.529689;38.45614476
1519.983851;38.11545644
1562.623027;39.06294062
1536.447262;38.09468859
1526.752378;37.86539112
1541.325286;36.74960073
1573.047385;38.14667025
1542.583811;37.08329764
1558.685964;36.56467105
1561.158182;36.91540788
1571.844114;37.29540495
1586.563242;36.66208209
1592.162312;36.52647572
1593.098813;37.47710927
1601.516798;36.78148727
1585.224885;35.77147467
1558.473395;35.24455827
1680.143629;37.52600923
1558.776844;35.59887994
1608.552375;36.78444907
1592.509987;36.42842912
1578.802106;36.98083003
1552.02598;36.39223634
1651.050626;38.28448111
1547.77357;37.50793133
1588.33557;38.87004332
1562.916539;37.75247417
1561.673163;37.73390315
1523.68682;37.97532396
1567.664766;40.60076012
1499.310242;38.44677527
1536.184137;38.25450781
1552.687569;38.4780706
1533.898087;37.18383658
1545.024443;37.33067333
1572.75708;37.5547283
1591.219293;38.16832865
1594.08481;37.63139798
1585.695629;37.8093936
1581.798844;36.6212103
1597.714563;37.43302103
1527.469868;35.68710527
1584.593302;36.27380002
1664.435899;38.74918289
1570.277673;36.93212334
1565.804675;36.25054582
1572.493384;37.27763676
1570.436362;36.66444328
1482.969879;34.81638236
1610.024053;36.61665819
1656.395079;37.4746837
1615.622992;37.44920584
1576.428484;36.61127993
1566.082162;36.2183678
1606.210645;37.32022032
1586.652248;39.06249584
1594.963808;38.84156984
1552.1963;36.86966871
1576.153163;37.88507088
1592.066446;38.07868723
1544.421964;36.56238444
1550.4269;36.57449581
1586.907422;37.21860694
1609.624793;37.88602235
1631.621135;37.64461997
1598.924709;36.85988298
1606.661272;36.25540825
1605.413559;36.21976165
1584.301316;35.88329519
1612.49031;36.22431435
1557.100169;35.43144057
1565.149304;35.29360959
1587.647187;36.13209645
1603.469886;35.6797867
1580.655619;35.06051965
1585.027552;36.37108381
1541.614706;35.45897647
1630.2448;37.6512028
1560.366695;35.56761858
1576.965532;35.84765004
1608.563115;35.75821495
1567.851817;37.0358499
1592.362839;37.69159329
1537.988374;36.54605267
1636.255073;38.76963105
1557.211494;37.15286641
1613.997885;38.46276424
1576.457395;37.18760925
1529.613316;36.39478124
1612.183627;37.52687693
1553.470237;36.20770693
1600.386469;37.37895385
1588.918164;37.23771462
1547.577344;36.62518457
1569.84013;37.51331332
1553.273676;36.91303943
1587.818772;38.18518052
1590.817384;38.0637258
1552.976087;37.00698601
1588.551094;37.89243154
1543.969715;37.19386884
1567.124841;38.54601312
1533.445675;37.19182626
1551.483504;37.49491458
1572.210165;38.56137973
1589.016517;39.11073955
1516.6189;36.91086017
1566.862857;39.40258084
1523.906238;38.90787537
1538.439262;38.09748258
1587.753792;37.94305317
1569.523756;37.83529915
1605.733217;37.64423225
1629.927814;38.39534979
1623.19418;38.22504611
1617.73824;38.13673812
1581.521113;37.3908019
1568.249363;37.31853609
1612.66624;37.7515486
1613.427383;38.90908326
1527.686171;36.92581177
1599.801638;37.90751519
1537.514626;37.38748971
1572.294779;37.41165889
1510.082101;36.08603693
1525.424433;37.48381268
1595.578958;37.98659405
1546.727555;37.51227112
1546.904206;39.2522167
1535.678625;38.73104045
1539.055739;39.43867053
1628.82463;39.59706199
1540.997749;37.51738729
1581.805927;39.6051205
1574.007031;40.0892768
1546.173588;38.64999038
1584.340768;39.68338969
1574.86699;39.26988343
1582.917327;39.78545702
1549.20773;39.34952836
1553.67968;39.22574201
1551.248603;39.03472926
1612.439325;39.53296199
1540.688544;37.05871395
1570.42711;37.14798552
1585.401819;37.89839612
1605.493585;38.40496514
1560.684099;37.55325534
1549.914242;38.27514849
1558.67643;37.65416334
1598.882913;38.63147881
1580.737608;38.80460931
1543.843191;38.49577677
1478.967519;36.3727761
1535.36253;38.01181476
1548.725677;38.74006251
1551.414152;39.20852291
1532.011284;38.81196226
1524.248574;38.61640086
1574.599484;39.13474457
1599.144826;40.18718651
1505.048068;37.22919166
1577.989227;38.57712267
1618.233083;39.43599034
1549.037982;37.93871405
1569.744616;37.65087917
1548.513598;37.38991389
1567.833692;38.11705438
1610.356761;39.07291527
1541.1367;37.26093584
1580.822749;37.63870095
1566.033063;36.84075941
1606.04736;38.01285386
1628.793825;38.26239565
1539.166335;35.61853112
1565.985846;35.42066294
1555.689093;35.28576362
1606.660239;37.34971955
1547.169105;35.2589716
1575.158237;36.8057961
1542.49666;36.00079773
1603.14369;36.83368015
1579.822279;37.23167949
1583.960631;36.78657303
1578.571168;36.60867288
1535.793291;36.64730421
1589.057001;37.40777447
1583.73789;37.47900528
1587.272507;37.25178322
1600.787242;36.56128626
1598.54956;36.39657272
1549.090243;36.06227556
1577.030629;35.59161532
1593.18667;36.30338645
1599.646236;36.47626384
1640.235631;37.87168292
1559.58706;35.54310024
1572.463959;35.34403737
1625.988208;37.2108957
1614.032261;36.3615293
1630.348639;36.35829481
1579.674839;35.26508703
1548.804244;35.10780373
1595.012384;35.92539092
1599.21229;37.08035511
1560.490148;34.92828674
1563.895;36.18926173
1573.282249;35.80522431
1646.897452;37.49831523
1572.677497;35.67822309
1569.373971;36.41878656
1558.511439;35.80412203
1581.414441;36.4112557
1596.310833;37.01176412
1562.707234;35.50541644
1573.687823;35.76000899
1537.896184;34.32751369
1591.628177;36.05395452
1604.743768;36.54114052
1620.395728;37.86596836
1587.793107;36.91836888
1607.686066;38.08482362
1548.916508;35.83228542
1597.60324;37.09904446
1578.723587;36.29433953
1551.924059;36.61051389
1611.159567;37.4337356
1573.743867;36.69795174
1569.151499;36.9408755
1544.622295;35.8098538
1592.950527;37.69731702
1593.413906;36.52139199
1570.859282;36.8500486
1602.117472;37.19571859
1531.786724;36.83185359
1527.140844;36.15421953
1547.602733;36.51116858
1599.396337;38.36768225
1564.880913;37.36445947
1596.059011;39.63837118
1530.547347;36.48613333
1577.546217;37.23571918
1623.983146;39.06477501
1540.563232;36.84725748
1554.087472;36.33205149
1568.311083;35.68490695
1616.712786;37.83814103
1611.545672;37.53334271
1554.350456;35.67291111
1549.19457;35.17522135
1563.75693;36.95633315
1611.74671;38.52073921
1533.274023;36.04543238
1584.361949;37.26238982
1558.84151;36.22463054
1569.366738;35.89444969
1590.630103;36.44579525
1578.725689;37.38273531
1581.325445;36.14434888
1581.602338;37.03119328
1579.226483;37.8152456
1557.759575;38.04464393
1528.814084;36.27626691
1560.764364;36.97316515
1569.366101;37.8412533
1601.337446;39.00296983
1543.974982;36.72651
1574.502974;37.05178542
1566.521137;36.10260798
1531.353616;35.45680292
1622.518453;38.03697331
1609.987711;36.95185391
1542.736482;36.18328581
1560.007846;37.46797871
1521.272204;36.32066327
1592.607406;37.97692602
1528.098107;37.04207537
1553.728672;37.69563923
1576.452002;38.23824972
1564.892661;36.58472117
1603.837382;37.48597084
1592.465544;38.28959773
1533.967206;37.87795542
1615.400237;40.03986618
1561.639889;38.64810067
1545.151175;38.07743503
1570.121678;38.16525055
1526.450559;37.32659649
1536.481112;37.78519299
1567.295757;37.2084378
1585.631537;37.56203709
1519.568684;36.23409294
1595.229807;38.90608418
1569.364461;39.54830354
1556.03081;38.90186214
1570.94344;38.24074797
1561.704189;36.80270627
1624.455848;38.70205956
1548.340544;36.10567584
1588.394545;38.27280775
1541.017889;36.61908546
1551.482726;35.93739195
1587.912602;37.34632254
1535.790645;36.5318456
1577.301798;37.2874674
1576.619008;35.99386542
1500.387235;35.2031608
1581.306049;37.24390381
1564.800079;35.73013504
1613.959343;36.25583535
1585.110084;36.11642153
1628.38296;37.75528416
1580.667002;36.15502669
1584.53477;37.13348285
1553.135988;35.68457628
1623.203898;37.40632285
1592.496115;36.82911855
1583.796008;36.51189423
1577.012824;35.04673976
1599.978936;36.23746456
1589.063297;35.12821739
1628.77024;35.63841046
1624.780582;35.44823609
1624.37453;35.16184916
1590.326657;36.34299831
1570.562457;35.30193918
1557.939657;34.7668272
1586.682983;34.96041298
1568.814136;36.06267965
1610.147434;37.12232486
1570.461976;35.99188559
1580.052102;36.52364818
1596.568359;36.78892492
1644.464593;38.2954466
1583.671742;38.05118585
1516.273046;35.96298892
1576.645313;38.17178045
1540.916429;36.48795975
1582.52002;38.24880069
1533.501771;36.88313036
1563.653632;36.89724545
1568.489015;38.04465768
1619.209985;38.7384635
1536.451237;37.39709379
1581.251663;38.49021424
1606.677159;39.1980987
1553.636058;37.67676673
1582.86605;38.18512501
1500.07833;35.9681022
1563.061609;37.59485784
1640.965231;39.29981063
1561.903424;37.55728307
1517.319732;36.99066983
1506.071807;36.1593258
1604.653005;38.56093318
1561.34023;37.50443879
1544.146717;36.65531447
1604.863895;36.97910156
1569.64081;35.99941473
1585.484983;36.64930841
1614.745595;37.23881718
1562.465138;36.38226381
1587.878033;36.71335064
1600.573633;37.52214261
1570.195945;37.19651409
1585.864103;36.35835606
1607.466854;37.323614
1586.309864;36.23964027
1578.034284;35.84851142
1598.882313;36.34802204
1561.801054;36.23461461
1657.790096;38.36434738
1563.178471;36.44982738
1597.455881;37.52409814
1561.275304;36.01997724
1511.977573;35.15150962
1618.713241;36.86465926
1559.218086;35.25215042
1581.245637;36.22073419
1629.585143;36.04892349
1574.422738;36.00842973
1516.691546;34.74395055
1571.335015;35.13421788
1590.74238;36.2154954
1567.617598;35.26704762
1570.025058;35.67753408
1554.937904;35.62298655
1577.68169;37.50272143
1561.154798;37.98628531
1534.875931;38.89169899
1529.899873;38.2854153
1545.046017;36.98059085
1543.718048;36.27128109
1616.125204;37.1992548
1553.859438;36.1767696
1585.033599;37.3232169
1559.276142;36.19660766
1609.451125;38.21502264
1521.082011;35.57573588
1592.773349;38.05733984
1570.070078;37.03365945
1540.73095;36.5351556
1524.083773;36.67352279
1589.328373;38.40321493
1546.809368;36.81268707
1563.953377;37.32109744
1547.922247;37.15672809
1538.638445;36.35846221
1572.198021;37.24112536
1596.50575;36.98570009
1549.786565;36.12650801
1553.80909;36.53197443
1586.475878;37.47736813
1581.716338;38.49556541
1563.180035;37.24243335
1593.973507;38.13456354
1567.362974;37.59219643
1599.544944;37.94076401
1522.327271;36.72180755
1538.2518;36.86378705
1569.15643;37.9125757
1502.55044;35.68054436
1588.393484;38.06508536
1524.234398;35.84655735
1587.367352;37.37074023
1558.41398;36.22522735
1628.309873;37.91469945
1640.218699;36.56461852
1607.982916;36.31847198
1557.027839;35.71437883
1621.227116;36.52398879
1626.869016;36.27316699
1549.102206;33.92638993
1551.373702;34.8646082
1620.218553;36.59899297
1612.813676;37.05044415
1591.651727;35.42619883
1571.983711;35.34575873
1547.462666;35.42732328
1565.324822;35.94577547
1602.998356;36.81908
1603.677073;37.24087987
1597.702474;36.79771899
1548.387615;35.60129734
1573.341609;37.09641841
1500.514446;35.93122262
1541.015832;36.72024737
1670.681746;39.76834213
1603.434272;38.02201126
1599.792844;37.95458395
1602.540477;38.2952823
1533.56325;36.34509245
1542.924459;35.98175149
1577.924077;37.8574999
1549.71496;36.4506121
1546.531799;36.28084221
1605.009445;36.75336209
1531.087832;35.60682791
1583.555985;36.39160541
1533.112316;36.32690728
1610.481533;37.64155138
1579.676364;37.1320411
1600.84033;38.06781706
1552.571524;36.52869171
1560.212631;36.16340162
1641.071404;37.20357048
1543.961908;34.82746102
1554.984697;34.51721893
1641.805677;35.84669444
1584.668999;34.91287167
1550.17851;33.50193809
1616.341446;35.80666836
1570.244866;35.20830954
1608.605892;37.01205586
1518.886188;35.22644753
1545.579162;36.18456917
1547.927282;37.44922834
1551.261213;37.84552051
1542.900637;38.1768677
1562.238416;38.42684311
1517.483115;38.65724015
1545.787084;39.27303809
1507.975936;38.89583926
1580.059485;40.50013094
1530.168069;40.11134957
1575.624772;39.91538867
1511.4579;39.43754706
1525.562646;39.0505331
1528.844548;39.41963461
1510.32372;37.92797816
1551.678983;38.57253266
1562.317428;38.20641712
1526.394529;38.16707833
1529.766045;38.1028534
1584.676935;39.57284632
1495.607385;37.16978067
1552.697338;38.10504898
1564.725419;38.76451087
1549.394014;38.05576402
1527.105124;37.69268169
1585.340167;38.98012893
1574.919414;38.06339584
1573.286871;37.64431448
1607.172049;37.76067901
1589.890252;36.82786038
1575.021139;35.81566604
1599.354747;36.24923634
1590.020055;35.71684816
1620.357535;35.95224459
1582.278348;35.6225231
1529.698321;34.29103423
1573.971689;34.67149356
1589.372836;34.89166576
1587.875254;35.54041519
1574.400535;35.44189339
1578.315486;36.39926871
1584.173277;36.85862249
1609.896647;37.34024035
1620.652424;36.97388514
1580.799213;37.22463834
1549.419069;36.47636079
1503.854007;35.39687189
1538.937577;36.62396822
1554.437303;37.12725157
1609.668482;37.35201765
1582.061032;37.95337982
1593.204808;36.94426158
1612.50182;37.46753453
1543.962396;35.93057155
1565.590386;36.89606302
1557.906001;35.44443649
1560.905817;36.10589143
1557.177437;35.73252751
1538.509876;36.24152598
1552.650321;36.47453375
1561.6836;37.61029273
1550.913884;37.77522074
1581.030185;37.50534232
1585.781995;39.18871863
1548.139089;36.17707477
1558.375119;36.38314368
1585.078958;37.57703543
1543.688104;36.54288445
1543.216843;36.60638682
1566.063808;37.38303184
1579.02733;38.58407183
1516.438424;37.77261307
1543.46821;38.24837796
1524.434246;38.55093887
1543.883326;39.12069118
1495.193416;37.66488208
1588.641531;39.95755073
1562.538225;38.74273301
1577.892369;38.76274878
1576.32337;39.44357696
1519.701682;38.20349258
1517.062914;38.6608872
1523.605429;40.23772251
1507.401819;38.9799841
1573.636792;41.23996221
1491.596388;40.25383997
1540.818483;41.681451
1502.465099;41.00630442
1515.638572;40.9398822
1484.319823;40.53644859
1490.746757;40.41947642
1474.358833;38.88269003
1513.551109;40.5122358
1548.043046;41.26327326
1549.358338;41.12053876
1589.849396;41.52480246
1508.264388;39.68569397
1511.077236;39.62606998
1570.973132;41.6201104
1475.188085;38.47857548
1509.717656;41.0543859
1477.159334;40.30189724
1523.600361;41.16511731
1491.196094;40.20099765
1483.136841;40.57573215
1497.957866;39.47843083
1538.121556;41.69611442
1473.096557;39.25388516
1517.383827;41.28618309
1521.147051;40.29647114
1524.311453;40.06595332
1467.578711;39.09767289
1491.508635;38.918201
1505.184897;40.3311738
1538.986391;40.45813067
1523.234014;39.39520089
1588.242695;41.02236105
1538.726869;39.08287131
1492.542893;38.86252668
1488.379612;39.12250573
1519.990319;38.98987658
1567.309575;41.0510605
1564.050584;40.81616322
1512.67643;39.33299325
1542.097487;39.10396813
1525.324664;39.23139407
1491.618074;37.64480915
1580.654475;40.83975509
1539.53607;40.40779497
1564.838022;41.25234767
1545.975554;40.0385
1473.128559;39.78898066
1438.966394;38.8480196
1524.926613;40.32615984
1506.313834;40.94988073
1473.92873;39.24469398
1500.741501;39.2940601
1482.386232;39.44775684
1536.888419;40.36444928
1478.99586;39.21871134
1570.645598;41.84922223
1504.311947;41.05651895
1495.744248;40.10878433
1502.690078;40.36150814
1522.625078;40.55317598
1546.93499;41.19086337
1493.820838;39.90263518
1509.153281;40.77067263
1473.044877;39.84143528
1530.693113;41.70411381
1511.161021;41.37158564
1511.542292;41.70203287
1488.016131;40.03040209
1511.287998;40.70729521
1524.700304;40.58077931
1579.073869;41.18268081
1536.051597;41.33601708
1532.754398;40.31466845
1554.718436;41.49023114
1496.182595;39.08948085
1525.065853;40.04819245
1486.441741;39.33344365
1502.811088;39.55484161
1561.493567;41.83236049
1538.425254;39.84494289
1509.965496;39.67280981
1488.309248;39.70199244
1499.125131;40.35284788
1514.553799;40.56238613
1503.644278;40.59319499
1532.186154;41.04833906
1521.75592;40.09358972
1553.70346;39.88469105
1531.533339;40.04177438
1499.579885;38.9331737
1512.988326;38.12699122
1504.763016;38.27398188
1479.178683;38.86972388
1519.299504;40.48155201
1467.677071;39.61484644
1521.071954;39.97621034
1488.208958;39.55378779
1500.226271;40.06840029
1458.158017;39.13616269
1463.620556;38.89306923
1470.86192;39.60639723
1523.939782;40.23542254
1529.05413;42.05976732
1509.251526;41.34738883
1511.369191;42.00219438
1462.234839;40.51337073
1472.244177;41.15239853
1463.409919;41.01868149
1499.294902;42.22728359
1468.240309;41.56356798
1453.459208;39.82736288
1482.096282;41.3006263
1483.926536;41.84871595
1486.448959;40.9242998
1516.243124;41.99459324
1511.193023;42.59091134
1463.298574;41.26640715
1482.205149;41.82794089
1478.028985;41.82939657
1410.447331;39.26381823
1488.941132;40.77919608
1506.728907;42.55697328
1425.981269;40.2389043
1461.505008;40.23828331
1482.078317;41.01768983
1458.883118;39.81281036
1485.962213;39.48263964
1545.224474;40.4733211
1521.164779;39.59027565
1495.880627;38.90999577
1550.892998;40.71688212
1509.544148;40.70078069
1520.041531;39.9555682
1526.087213;40.67779793
1496.682727;40.49351288
1497.925956;40.32826356
1539.00585;40.62968859
1487.673241;39.41879955
1471.538499;39.64607896
1504.086121;39.57809723
1515.891435;40.33061767
1514.364955;40.06136409
1492.044643;39.90197197
1499.661602;39.28606636
1514.04002;38.90271945
1474.394304;38.59671248
1485.845105;38.14140064
1533.475367;39.28365052
1520.33768;39.84664051
1530.734605;40.24985612
1496.912023;39.58118372
1499.141655;39.83203206
1540.390247;40.46822618
1411.818546;38.26698109
1467.269044;40.54915639
1490.988259;39.82443357
1515.128924;41.04258434
1498.975347;40.83174755
1477.5366;39.83132112
1537.864062;40.94233601
1540.553442;39.92813011
1528.944999;39.73216799
1516.751353;39.18607635
1502.425491;37.67302827
1568.172519;40.04928999
1536.386413;39.69747659
1546.078805;39.11694924
1518.302513;38.78603775
1532.724767;38.81303193
1497.938432;39.8071681
1533.315578;41.03399644
1532.001704;41.53857991
1471.393841;39.58897299
1483.971165;39.72540375
1554.752503;40.97034347
1493.104704;39.04148121
1471.283967;37.17959249
1539.284446;39.54617515
1563.176579;39.22262689
1519.585248;37.85338981
1569.255055;38.63631563
1594.922878;38.72032109
1544.986615;37.63185767
1554.823246;37.72552438
1592.903501;38.99975711
1540.671763;37.17416579
1538.367688;37.21607488
1552.541546;37.31183749
1599.860103;38.68857516
1519.290557;37.05397772
1559.866481;37.96224896
1535.531677;37.98523609
1542.02089;37.84532116
1507.705183;37.32923508
1536.302325;37.75891638
1532.67465;38.53958705
1488.562077;36.94610742
1520.684988;38.73231722
1506.0963;38.10522336
1564.133309;40.41389011
1519.928874;39.04305251
1518.356381;38.77352843
1557.701552;40.82529117
1563.329352;39.98267619
1516.136584;39.3634657
1485.502914;37.77530053
1559.94249;39.98963858
1525.399399;39.36599167
1507.308308;38.87439414
1550.461892;40.86001807
1478.475297;38.10428935
1500.390065;38.96262825
1536.233925;39.59027098
1557.006324;40.44416943
1552.31001;39.67139971
1494.661722;39.20507644
1516.444816;38.98886296
1498.390614;39.06271141
1559.853395;40.73776732
1529.695712;39.94127219
1545.126146;40.75359147
1525.736709;39.6614233
1502.899169;39.53200526
1560.591176;41.48718512
1502.143587;39.83310274
1537.64567;39.58416103
1502.836497;39.7938175
1574.527457;41.46759655
1488.572867;38.66298262
1527.606014;40.13381732
1451.425107;37.30741523
1503.544791;39.44269146
1484.083961;39.96659779
1513.190559;39.35341535
1517.368595;39.02953793
1504.590398;38.58315315
1560.458896;38.81544131
1516.716303;38.41019667
1506.58182;38.36483333
1538.880771;38.96194925
1515.365201;39.44493667
1541.1317;40.13110286
1512.781083;39.88713428
1489.861981;38.74121851
1494.678877;38.91903666
1555.983379;40.08335909
1542.028059;39.42437899
1538.413886;39.2981137
1523.388622;38.03451144
1534.627021;38.28963686
1584.111315;38.83739846
1550.201679;37.28308893
1578.13906;38.74274711
1500.07937;37.13441311
1554.553139;38.43825687
1478.233604;37.16792037
1516.171655;37.79091986
1540.03819;38.58021901
1564.316418;40.14281175
1491.775936;37.97281558
1545.806438;39.60315756
1528.490256;39.00729572
1533.768046;39.72032397
1538.476067;40.38073879
1547.684404;39.66342514
1542.104599;39.61681883
1554.3195;38.73807973
1506.87275;38.4337186
1537.804027;38.78043604
1583.163561;40.20012684
1496.190051;37.87356815
1553.292417;39.19914284
1531.973071;39.39023328
1534.51994;39.44378684
1533.438269;38.73312959
1548.048984;40.30578651
1544.695025;40.32748163
1501.875801;39.42228188
1521.719919;39.79996808
1453.46613;38.38309405
1509.912627;38.40927034
1527.509085;40.45404703
1473.279339;39.21625005
1491.399741;39.1406615
1495.912591;39.39260952
1498.199109;38.96969948
1491.063532;38.52408038
1492.859101;40.15443067
1562.515407;42.33791472
1440.623829;39.79905179
1528.377475;42.22118733
1520.27292;42.45669663
1512.742744;41.52937091
1538.6064;41.90487471
1511.217318;40.73550495
1570.363605;41.70225569
1486.396744;38.39213037
1490.128354;39.12982104
1537.925443;39.98287865
1519.073423;40.36668181
1491.723559;39.19956441
1543.870285;39.88311321
1502.842818;38.44276335
1492.030855;37.99944265
1543.743213;39.59034163
1492.55005;38.56099602
1500.01347;38.35627616
1520.688322;38.46760969
1522.388838;38.31188959
1547.203234;39.78250408
1527.342091;38.63648234
1525.173688;38.65344305
1501.310062;37.73055107
1515.991368;39.02417959
1526.643396;38.71502904
1545.641567;38.8802215
1495.135456;38.10217131
1507.629217;38.03426536
1542.019909;39.53372129
1489.561861;38.4550151
1538.517341;39.64162142
1565.554217;39.2033179
1528.101315;39.28630925
1506.657109;38.72823034
1587.497568;40.73397442
1500.66117;38.19014065
1493.74185;37.42169371
1499.282695;37.33432988
13480.62591;3.601000621
13223.64604;3.478486745
13049.79753;3.733981867
13965.01225;3.59249516
13436.49454;3.589882254
13419.26497;3.753668451
13467.01644;3.806971835
13444.84072;3.659028389
13388.02612;3.437667592
13607.44715;3.554143446
13212.44306;3.721728553
13978.11333;3.712561576
13869.52733;3.956780428
13715.69993;3.618731073
13745.41354;3.865686602
13458.21287;3.831881609
12996.69608;3.495526797
13738.24559;3.832350935
13843.30918;3.655119049
13958.554;3.656092293
13984.51626;3.946319474
13887.53276;3.673897395
13563.96338;3.791253244
14041.01186;3.922977397
13446.17486;3.51484216
14549.49729;3.964268499
13661.19907;3.826445743
13548.5919;3.833350886
13399.97803;3.647415324
13152.08297;3.599635118
13923.43719;3.825621717
13819.48806;3.544381172
14122.65988;3.707306482
13558.49733;3.641293929
13267.04858;3.709229281
13637.73267;3.672276771
13943.51801;3.606654844
13286.69036;3.805197942
13276.22232;3.712246077
13733.57959;3.907663483
13770.01562;3.594852336
13695.93191;3.703171696
14633.01342;3.742089518
13751.98487;3.713303745
13484.44158;3.68549653
13908.00334;3.84693767
13632.69784;3.657831664
13830.92535;3.359895905
13476.65435;3.796131525
13477.95119;3.63151684
13461.6134;3.601568719
