residuals[g/m3],time_residuals[h]
8.963092526370946e-05,0.0
6.910629865894905e-05,0.00020694444444450087
8.35899352892702e-05,0.0004138888888888994
6.629205351774569e-05,0.0006208333333334003
8.356235055005391e-05,0.0008277777777778005
7.397367416376183e-05,0.0010347222222222997
5.752023921771708e-05,0.0012416666666667
6.622700924277002e-05,0.0014488888888889006
6.170649071993788e-05,0.0016555555555555993
7.122323644223209e-05,0.0018627777777778
0.00012553599970610305,0.002069722222222301
0.00015247777765860435,0.0022766666666666994
0.00011138902932572958,0.0024836111111112003
4.471281393185574e-05,0.002690833333333401
-0.00019805939861577976,0.0028977777777777994
-0.0006581729694371058,0.0031047222222222986
-0.0013117074512518153,0.0033116666666667006
-0.002036593484234545,0.0035186111111111997
-0.0028646301998339688,0.0037255555555556017
-0.0035847825325501436,0.0039325
-0.004169004093854236,0.004139444444444499
-0.004607292187215393,0.004346388888888901
-0.004887596203562841,0.0045533333333334005
-0.004603089651951633,0.0047605555555555994
-0.004302390825722027,0.004967500000000001
-0.00409060499719729,0.0051744444444445006
-0.0034979623072237797,0.005381388888888899
-0.002449960267264877,0.005588333333333402
-0.002299204134907598,0.0057952777777778
-0.0017466626819374297,0.006002222222222299
-0.0010181158349624395,0.006209166666666701
-0.00027214424266245284,0.0064161111111112005
3.503498406176933e-05,0.006623055555555599
0.0001533915222233645,0.006830000000000001
0.0005511248149118412,0.0070369444444445
0.0011835352413884694,0.007243888888888899
0.0017675770463443704,0.007450833333333401
0.0021907117547619835,0.0076577777777778
0.0029902964459379566,0.007864722222222299
0.004181945594733937,0.008071666666666701
0.0033691664904036273,0.0082788888888889
0.0025111950131791617,0.008485833333333399
0.004209916529492744,0.008692777777777801
0.0031123317080855323,0.0088997222222223
0.0037480484503533158,0.009106666666666699
0.00522747550812596,0.0093136111111111
0.004270047066252829,0.0095205555555556
0.0044295022732629905,0.009727500000000002
0.004631919311275852,0.009935000000000001
0.0059078446631758725,0.0101419444444445
0.005168476511655643,0.010348888888888899
0.0059369318842179535,0.010555833333333401
0.005455646398944098,0.0107627777777778
0.006342160523415191,0.010969722222222299
0.0065444280527131166,0.011176666666666701
0.006601512344252989,0.0113836111111112
0.005466374775456903,0.011590555555555599
0.006346038294362489,0.0117975
0.004360302093604185,0.0120047222222223
0.006629825943930917,0.012211666666666699
0.006310335821458695,0.012418611111111201
0.0051158361833021325,0.0126255555555556
0.006620975390798544,0.012832499999999998
0.006813584893205368,0.013039722222222301
0.0073029241752805875,0.0132466666666667
0.0049863617569815034,0.013453611111111199
0.007111276473889927,0.013660555555555601
0.00727930344079801,0.0138675
0.006769826277970976,0.014074444444444499
0.0072282916367725596,0.0142813888888889
0.0049549194193029035,0.0144883333333334
0.005688980242181237,0.014695277777777798
0.006816209398872005,0.014902222222222301
0.0063819783697782635,0.0151091666666667
0.005867366063733611,0.015316111111111199
0.007612789591787485,0.0155230555555556
0.0070803881522876234,0.01573
0.006540319287113169,0.015937222222222297
0.007068491431476611,0.016144166666666702
0.0072747451407976955,0.016351111111111198
0.00726638884519543,0.016558055555555597
0.007909475446094924,0.016765000000000002
0.006194059561033322,0.016971944444444498
0.006790018040696011,0.017178888888888903
0.007616443443506059,0.0173858333333334
0.007667654575702714,0.017593055555555598
0.007424553870619327,0.017800000000000003
0.005795025901208471,0.0180072222222223
0.006335500267801178,0.018214166666666698
0.0073494688842890565,0.0184211111111112
0.006849944099992362,0.0186280555555556
0.006486751185303563,0.018835000000000005
0.0065517580438314085,0.0190419444444445
0.006587380611657159,0.0192488888888889
0.0074731910097918935,0.0194558333333334
0.00909153594766212,0.0196627777777778
0.007360510678830756,0.019869722222222302
0.007698131907399961,0.0200766666666667
0.009249177802957247,0.020283611111111204
0.006967092362868535,0.020490555555555602
0.007580219635329195,0.0206975
0.006896420345401624,0.020904722222222304
0.007585280755405981,0.021111944444444503
0.007042088241189921,0.0213188888888889
0.005942545748945531,0.021525833333333404
0.006468767170510769,0.021732777777777802
0.00710193122460576,0.021939722222222305
0.009627877735793426,0.022146666666666703
0.007855231073274318,0.0223536111111112
0.007794558136144488,0.022560555555555604
0.007769114954921202,0.022767500000000003
0.008382903396470118,0.0229744444444445
0.006418308892981981,0.023181388888888904
0.007972799218704293,0.0233883333333334
0.006349126984903197,0.023595277777777805
0.0072138831636471175,0.023802500000000004
0.007177321844581874,0.0240094444444445
0.008183442374067838,0.0242163888888889
0.005897530073205034,0.0244233333333334
0.006512438655114323,0.0246302777777778
0.007018164217492302,0.0248377777777778
0.00676498257402958,0.0250447222222223
0.008709610671660307,0.0252516666666667
0.005261119679906289,0.025458611111111203
0.006449648316876146,0.0256655555555556
0.007012593540467241,0.0258725
0.006787777058413897,0.026079444444444502
0.008343254225578297,0.0262863888888889
0.008806537781417007,0.026493333333333403
0.008248176474966087,0.026700555555555602
0.006153383232581251,0.0269075
0.005701673906079056,0.027114444444444503
0.007668691829548383,0.027321666666666702
0.008025043403021317,0.0275286111111111
0.006392753803997255,0.027735555555555604
0.0064415866881300625,0.027942500000000002
0.006196709176967734,0.028149166666666704
0.0075997148774589775,0.0283561111111112
0.009179894366879597,0.0285633333333334
0.007663607304133738,0.028770277777777804
0.007808576245229796,0.0289772222222223
0.009521618292484539,0.0291841666666667
0.00929962834332147,0.0293911111111112
0.005990255745649448,0.0295980555555556
0.0076760996682543985,0.029805000000000005
0.0070162366811729465,0.0300119444444445
0.008513454302420481,0.0302188888888889
0.008591298427961195,0.030426111111111202
0.008514697802332737,0.0306330555555556
0.008677305628485784,0.0308405555555556
0.0062472731330110685,0.0310475
0.006431147248252386,0.0312544444444445
0.008693540221734547,0.0314616666666667
0.008831715962478733,0.0316686111111111
0.0073878427245583425,0.0318755555555556
0.006557007197999842,0.0320827777777778
0.007825936090934682,0.0322897222222223
0.00837417270905777,0.0324966666666667
0.007187675688323694,0.0327036111111111
0.007069764526521936,0.0329105555555556
0.006862604545250728,0.0331177777777778
0.008222070582046805,0.033324722222222304
0.007103408177455368,0.0335316666666667
0.0050839065772315326,0.0337386111111111
0.006939608926523143,0.033945555555555604
0.005886955378943216,0.0341525
0.00806900334474444,0.034359444444444505
0.00573443312814844,0.0345663888888889
0.007919262785124531,0.0347733333333334
0.007038271770987023,0.034980555555555605
0.006474651524975748,0.035187500000000003
0.009434464787379991,0.0353944444444445
0.0067960292224416435,0.035601666666666705
0.007107087644281439,0.0358086111111112
0.006740574192633388,0.0360155555555556
0.008824965193552865,0.0362222222222223
0.004329502429050565,0.0364294444444445
0.006937421211544392,0.0366363888888889
0.006622662906367517,0.0368433333333334
0.0074041562332454736,0.0370138888888889
0.0057706146371057365,0.0372572222222223
0.006228654781013858,0.0374641666666667
0.005227461500372996,0.037671111111111204
0.004998764865255502,0.0378780555555556
0.007412469638343112,0.038085
0.006973053717745696,0.0382919444444445
0.00576399957742986,0.0384988888888889
0.007189560147307088,0.038705833333333405
0.009454040164299946,0.038913055555555603
0.004805955315762223,0.03912
0.008317497425100302,0.039326944444444505
0.006494876963502302,0.039534166666666704
0.008452412477187102,0.0397411111111112
0.005370555697086839,0.039948055555555605
0.00793402902581368,0.040155
0.0073101913728187,0.0403619444444445
0.006269102468496164,0.040568888888888904
0.0059711214064644275,0.0407758333333334
0.008227822328984308,0.0409827777777778
0.007808532293615271,0.041190000000000004
0.008076624653651422,0.0413969444444445
0.008564675316533522,0.0416038888888889
0.005276214143247061,0.0418108333333334
0.005567650981050776,0.0420177777777778
0.006484925192049913,0.0422247222222223
0.0062288562457446656,0.0424316666666667
0.005076155461077349,0.0426386111111112
0.005000957693228336,0.0428458333333334
0.005665139517492236,0.0430527777777778
0.006577082529695938,0.043259722222222304
0.004675956836666918,0.0434666666666667
0.003782408872037367,0.0436738888888889
0.006601273707815679,0.043880833333333404
0.006787001405450389,0.0440877777777778
0.0048365726444166285,0.044294722222222305
0.005354052168363224,0.0445016666666667
0.007825602167136222,0.0447086111111112
0.006470980831156312,0.044915555555555604
0.002383730190821866,0.0451225
0.005003659581109134,0.0453294444444445
0.0037215091383575247,0.045536388888888904
0.0035877697396225275,0.0457430555555556
0.005073607357080241,0.045950277777777805
0.004247541171309495,0.0461569444444445
0.004751326104889882,0.0463641666666667
0.005580842511396546,0.0465711111111112
0.006930907023930816,0.0467780555555556
0.005071787251912471,0.046985
0.004900639857234088,0.0471919444444445
0.004211874996617168,0.0473988888888889
0.005473056369809014,0.0476058333333334
0.005482837258744551,0.0478127777777778
0.0048046263494876465,0.048019722222222304
0.004495651266261544,0.0482266666666667
0.004358531163316748,0.048433611111111205
0.00267475148579821,0.048640555555555604
0.00668972379130562,0.0488475
0.0028129442701867735,0.049054444444444505
0.005258508839782364,0.0492613888888889
0.002052585819872499,0.0494683333333334
0.004705679057591158,0.049675833333333405
0.005563398355100675,0.049882777777777804
0.005101701818652424,0.050090555555555596
0.007025095732063724,0.050297499999999995
0.0065505271841570165,0.050504444444444505
0.007140129322166448,0.0507113888888889
0.0036425871304006235,0.0509183333333334
0.004812813001663585,0.0511252777777778
0.005784958709202093,0.05133222222222231
0.008878800314634117,0.051539166666666705
0.0023347403322474883,0.0517463888888889
0.004461633925417423,0.05195333333333341
0.0034436791250515297,0.052160000000000095
0.004392110263081991,0.05236694444444451
0.0044071157526045235,0.052573888888888906
0.004449938696737106,0.052781111111111195
0.004074588024659591,0.0529883333333334
0.005416586955681535,0.05319555555555561
0.00658779560009877,0.053402500000000006
0.004275004302446178,0.0536094444444445
0.005778180922805895,0.0538163888888889
0.0055307672946533215,0.0540238888888889
0.004023250221622837,0.0542311111111112
0.005228961624168277,0.0544380555555556
0.004372430895266274,0.054645
0.004259284300816596,0.0548522222222223
0.003983072419507815,0.0550591666666667
0.004106754436238508,0.055266111111111196
0.0054620552880020184,0.055436666666666704
0.006286543743896096,0.05568000000000001
0.002392502356668283,0.0558869444444445
0.004255385465448701,0.0560938888888889
0.004417156304260747,0.0563008333333334
0.007631576225390964,0.056507777777777796
0.0031656203695824975,0.056714722222222305
0.003842756255607989,0.056921666666666704
0.0034448961404172918,0.0571286111111112
0.002871571557115711,0.057335833333333405
0.0024782994931908248,0.057542777777777804
0.0010876851739170454,0.057749999999999996
0.004920147497815941,0.057956944444444505
0.0010940964506970102,0.058163888888888904
0.0018229226888077515,0.05837111111111121
0.0024414263826851093,0.058578055555555605
0.002857625700665993,0.0587850000000001
0.005175005203608987,0.0589919444444445
0.005476145546980497,0.059199166666666705
0.002261179385926515,0.0594061111111112
0.0021245996857737273,0.0596136111111112
0.004725027930277646,0.059820833333333406
0.0028100826566262796,0.060027777777777805
0.004599604890067832,0.0602347222222223
0.00503282442136721,0.0604416666666667
0.0035300230421416584,0.06064861111111121
0.0049535860436794865,0.06085555555555561
0.004251326229454878,0.0610627777777778
0.003462994879167375,0.06126972222222231
0.0029179515579232027,0.06147666666666671
0.0032221939368584154,0.0616836111111112
0.001707165885129619,0.0618905555555556
0.005312103257297987,0.0620975
0.0046746007045870355,0.062304444444444496
0.00378168886856603,0.06251138888888891
0.0027238710913055075,0.0627183333333334
0.0030039336982610465,0.0629252777777778
0.0037776648786081862,0.0631322222222223
0.0022871406836704675,0.0633391666666667
0.003305437340766361,0.0635461111111112
0.004463287592694348,0.0637530555555556
0.003064743018987341,0.0639600000000001
0.003190472678751499,0.0641677777777778
0.003539303016584998,0.0643747222222223
0.0025762173130880126,0.0645816666666667
0.0025411093919031555,0.0647886111111112
0.00522332222525939,0.0649958333333334
0.003826914496103853,0.0652027777777778
0.006096829174776157,0.0654102777777778
0.004125003696774189,0.0656172222222223
0.0035435802624417534,0.0658244444444445
0.004339577349031905,0.0660313888888889
0.0051892847708985,0.0662383333333334
0.0039011622318914085,0.0664452777777778
0.003246659905389117,0.06665222222222231
0.0007273142819191059,0.0668591666666667
0.0026264288283114195,0.0670663888888889
0.0013558244028182773,0.06727333333333341
0.0019732539376345545,0.0674802777777778
0.0019609298263898386,0.0676872222222223
0.00047081216744675886,0.0678941666666667
0.002854727530873978,0.0681011111111112
0.005010785625406723,0.06830805555555561
0.00357020633350609,0.068515
0.0001189411455588471,0.0687219444444445
0.003754559715668626,0.0689288888888889
0.005282128760890369,0.0691358333333334
0.0040124444947697985,0.06934277777777781
0.0017069580031589676,0.06955
0.0018222374075833395,0.0697566666666667
0.0013302374537534703,0.0699636111111112
0.003465111179091783,0.0701705555555556
0.0024655775697851184,0.0703775
0.0006788898078548544,0.0705844444444445
0.0017269743263497103,0.0707913888888889
0.002576749919360889,0.0709983333333334
0.0008422060568320303,0.0712052777777778
0.003996424188028792,0.07141222222222231
0.0035460483811132273,0.0716191666666667
0.003823807350282156,0.0718263888888889
0.0042200736374446365,0.07203333333333341
0.0010129689203515896,0.0722402777777778
0.005423873756821955,0.0724472222222223
0.002670043633728296,0.07265444444444451
0.0034866814218147413,0.0728613888888889
0.002473113510470429,0.0730683333333334
0.0014188049437013212,0.0732752777777778
0.003792418094833251,0.0734825
0.0020938464447448624,0.0736894444444445
0.004084864192428456,0.0738963888888889
0.0017670076702178267,0.0741033333333334
0.0021944656739319376,0.0743108333333334
0.0030045905543008636,0.07451777777777781
0.0021414000078508674,0.0747247222222223
0.004135194360479745,0.0749322222222223
0.0030791819090933426,0.0751391666666667
0.0019212370151633004,0.0753461111111112
0.0011214469955729417,0.0755530555555556
0.0004170124287819696,0.07576000000000001
0.0004561894135104369,0.0759669444444445
0.0034568903742609666,0.0761738888888889
0.0019346317011195158,0.0763813888888889
0.004289542657263071,0.0765883333333334
0.0014729071633387616,0.0767955555555556
0.0019942253286506645,0.0770025
0.0008283245805466091,0.0772094444444445
-2.4863485984530365e-05,0.0774163888888889
0.0011912116025971087,0.0776233333333334
0.0011789263851013296,0.0778302777777778
-0.001268229328542425,0.0780375
0.00035127930650496325,0.0782441666666667
0.003735485245043843,0.07845111111111121
0.002762028079121036,0.0786580555555556
0.001942335110741697,0.0788650000000001
0.0018182284528336437,0.07907222222222231
0.0013372649757188368,0.0792791666666667
0.003962953198849525,0.0794861111111112
2.0277913767373368e-05,0.07969333333333341
-6.871451230153203e-05,0.0799002777777778
0.001246362792267107,0.0801072222222223
0.003399063363368003,0.0803141666666667
0.001549873558323575,0.0805211111111112
0.0006066400161551314,0.08072805555555561
0.0028955698981621633,0.0809350000000001
0.0017071708977783456,0.0811422222222223
0.0023518672056237894,0.08134916666666671
-0.0003087570883230223,0.0815561111111112
0.0025502603843670507,0.0817630555555556
0.00026814036439900407,0.0819700000000001
-0.0005838464138270966,0.0821775
0.0025486326979465915,0.0823844444444445
-0.001987972517469204,0.08259138888888891
-0.001876433043421881,0.0827986111111112
0.00048722639141620533,0.0830055555555556
0.0021322300606988545,0.08321250000000001
-0.00015447340223335992,0.0834194444444445
-0.00022624101715178896,0.0836266666666667
0.00011972399415480922,0.08383361111111111
0.0039954777657688414,0.0840405555555556
0.00046498661231117455,0.0842475
0.00044874530054010014,0.0844544444444445
0.0024182495174292426,0.0846613888888889
0.0011312731616194768,0.0848683333333334
0.000625513770686939,0.0850752777777778
0.0018698903477254447,0.0852822222222223
0.003292363578583604,0.0854897222222223
0.0025322359442885717,0.0856966666666667
0.0019076671657361072,0.0859038888888889
0.0012869830082557418,0.0861108333333334
0.0026334396658821493,0.0863177777777778
0.0020156452242977574,0.08652472222222231
0.0017729507857725813,0.0867316666666667
0.0035289884912334327,0.0869386111111112
0.0037181485684961227,0.08714583333333341
0.005193079421969414,0.0873525
0.005253418350209441,0.0875597222222223
0.006203489580874924,0.0877666666666667
0.005958172503321493,0.0879736111111112
0.0036340868951276126,0.0881805555555556
0.003711639021961345,0.08838750000000001
0.003992018068797003,0.0885944444444445
0.0022863519364927434,0.0888016666666667
0.0033030371451769555,0.0890086111111112
-0.0019054130890498525,0.0892155555555556
-0.0018488874811601608,0.0894225
-0.001248134031932524,0.0896297222222223
-0.0019819597143026016,0.0898366666666667
-0.002613505825282185,0.0900438888888889
-0.004118073966092713,0.0902508333333334
-0.00594892263399667,0.0904577777777778
-0.004942006383978154,0.0906647222222223
-0.005130996535363926,0.0908716666666667
-0.004604773764487043,0.09107861111111121
-0.004973537837307022,0.0912858333333334
-0.004603062521399338,0.0914927777777778
-0.006752956626810573,0.09169972222222231
-0.007846550271908455,0.0919066666666667
-0.008148551072324602,0.0921136111111112
-0.004601090826240224,0.0923211111111112
-0.007201021378787212,0.0925280555555556
-0.005996205204563072,0.0927352777777778
-0.007928944795588921,0.09294194444444451
-0.007898763952453876,0.0931494444444445
-0.008355385203397063,0.0933563888888889
-0.007339022401454426,0.0935633333333334
-0.009388036779497788,0.0937702777777778
-0.008278596384881584,0.0939772222222223
-0.008494207533202715,0.09418416666666671
-0.008354223547597288,0.0943911111111111
-0.008336766834529198,0.0945980555555556
-0.008437441169141038,0.094805
-0.009372946391521107,0.0950119444444445
-0.00907417980061842,0.09521888888888891
-0.009857538895583405,0.0954258333333334
-0.008809121610931989,0.0956327777777778
-0.009675878782667319,0.0958397222222223
-0.009520001524835231,0.0960466666666667
-0.008974689924423601,0.0962536111111112
-0.008415451819062905,0.0964605555555556
-0.010419080943046964,0.0966675000000001
-0.009439442070885332,0.0968747222222223
-0.009948755207235132,0.0970816666666667
-0.00984510140139308,0.0972886111111112
-0.0082739102126905,0.0974955555555556
-0.009264585664851208,0.0977025
-0.009939953795808646,0.09791
-0.009817484349540474,0.0981169444444445
-0.009111732730404443,0.0983236111111112
-0.010031149856595794,0.09853055555555561
-0.009760355796571547,0.0987375000000001
-0.011606877727940702,0.0989447222222223
-0.010193887169775765,0.09915166666666671
-0.009421758903092568,0.0993586111111112
-0.009518899107344155,0.0995655555555556
-0.009287750361475645,0.0997725000000001
-0.010495524847691718,0.0999794444444445
-0.008920453843599171,0.10018638888888891
-0.009489794440056157,0.1003933333333334
-0.010845636414028796,0.1006002777777778
-0.010220457270450657,0.1008072222222223
-0.007713617954758917,0.1010141666666667
-0.010415676498007141,0.1012213888888889
-0.00936575515326013,0.1014280555555556
-0.010909608800452445,0.1016352777777778
-0.01070460175934676,0.1018422222222223
-0.010922684242908202,0.1020497222222223
-0.010895978976291278,0.1022566666666667
-0.010371494133689041,0.1024636111111112
-0.00968232677275506,0.1026711111111112
-0.011287915573332016,0.1028780555555556
-0.010571568825148522,0.103085
-0.010184165006898761,0.1032919444444445
-0.009661395742375761,0.1034988888888889
-0.009864922759900654,0.10370611111111121
-0.009575644491616343,0.1039130555555556
-0.009528271021138571,0.10412
-0.009642046379658903,0.1043269444444445
-0.008948137675941908,0.1045338888888889
-0.01190043716984706,0.1047411111111112
-0.010969047878130089,0.1049480555555556
-0.010083619940401158,0.105155
-0.009841218790705823,0.10536194444444451
-0.011340465197843683,0.1055688888888889
-0.010012816289104758,0.1057758333333334
-0.01028995512494257,0.1059827777777778
-0.009954224042388715,0.1061897222222223
-0.010511956786184353,0.1063966666666667
-0.010126282436973263,0.1066036111111112
-0.01103736509790331,0.1068105555555556
-0.012036938125419557,0.1070177777777778
-0.011512032485741827,0.1072247222222223
-0.01072870472090054,0.1074316666666667
-0.009824601159343284,0.1076386111111112
-0.009806822925992952,0.1078455555555556
-0.012117346700930062,0.1080525
-0.01090265560752636,0.1082594444444445
-0.010606344079725764,0.1084663888888889
-0.010719598865424118,0.1086733333333334
-0.011713996227264205,0.1088802777777778
-0.010240488905782219,0.1090875000000001
-0.010605664445508214,0.1092944444444445
-0.010882852239908189,0.1095013888888889
-0.011142425040850504,0.10970833333333341
-0.009445948619041501,0.1099155555555556
-0.010851676132076472,0.1101225000000001
-0.010496449413947003,0.11032944444444451
-0.009674859884022065,0.1105363888888889
-0.010249105361146215,0.1107433333333334
-0.010309945125903948,0.1109502777777778
-0.010953449844749968,0.1111572222222223
-0.010048589354104999,0.1113644444444445
-0.010752706409618243,0.11157166666666671
-0.011110665736437923,0.1117786111111112
-0.01124486503401077,0.1119855555555556
-0.010784249883320583,0.1121925000000001
-0.00941006672032044,0.11239944444444451
-0.009984901684353332,0.1126063888888889
-0.011801497991329502,0.11281333333333339
-0.010547372750994627,0.1130202777777778
-0.011169306829979447,0.1132272222222223
-0.009559606954456575,0.11343416666666671
-0.01068112113528355,0.1136413888888889
-0.010540418683601449,0.1138483333333334
-0.00941573938345545,0.11405527777777781
-0.009356180006583874,0.11426277777777781
-0.0095578832441549,0.1144697222222223
-0.011089762436781232,0.11467666666666669
-0.010243356279736195,0.11488361111111121
-0.011373415248182774,0.1150905555555556
-0.01084168478094795,0.1152975000000001
-0.010113173443146963,0.1155044444444445
-0.01103885860695639,0.11571138888888889
-0.009644185679960785,0.11591833333333341
-0.010410836765368494,0.1161252777777778
-0.010165313376051421,0.1163322222222223
-0.010207699305355544,0.11653916666666671
-0.01097321744512689,0.1167461111111112
-0.010457468380177314,0.1169533333333334
-0.00864133587185963,0.11716027777777781
-0.009863640271708999,0.1173672222222223
-0.009956309714470996,0.11757416666666672
-0.010423579493433473,0.11778111111111121
-0.00975997730996686,0.1179883333333334
-0.00923549142315059,0.11819527777777779
-0.010616267292904925,0.11840222222222231
-0.009961442379192217,0.1186091666666667
-0.01035365844590916,0.11881611111111119
-0.009260667201542547,0.1190230555555556
-0.010830155608172213,0.1192302777777778
-0.009718818204788485,0.1194375000000001
-0.009377581454140114,0.11964444444444451
-0.009614388663306161,0.1198513888888889
-0.009063788567157043,0.12005833333333339
-0.009828440917340451,0.1202652777777778
-0.010139791258059944,0.1204722222222223
-0.010271438907452132,0.12067916666666671
-0.010015621637577472,0.12088611111111121
-0.010374727958381744,0.1210933333333334
-0.009288238648712114,0.12130027777777781
-0.010253740897008992,0.12150722222222231
-0.00998686731844899,0.12171416666666669
-0.009520336226965553,0.121921388888889
-0.010032195277831883,0.12212833333333341
-0.010464438074260738,0.12233527777777779
-0.009434046704885296,0.12254222222222229
-0.009649557018805006,0.12274972222222232
-0.010110684903138685,0.1229566666666667
-0.009851281859662085,0.1231636111111112
-0.010093464662084165,0.1233711111111112
-0.009432048851708934,0.12357805555555561
-0.008799512766675248,0.1237850000000001
-0.00954359238247723,0.12399194444444452
-0.009027311778300844,0.1241988888888889
-0.0089388517454882,0.1244058333333334
-0.00973944664112854,0.12461277777777781
-0.009064469929239217,0.1248197222222223
-0.010051537594728672,0.12502666666666667
-0.008669013168257508,0.1252336111111112
-0.009610119196197437,0.12544055555555558
-0.009071655018028054,0.12564750000000008
-0.008898519115804126,0.1258544444444445
-0.009524274155660664,0.12606138888888888
-0.008583800329778134,0.1262683333333334
-0.009932161053046798,0.12647527777777778
-0.009494431229533973,0.12668222222222228
-0.008412024988921993,0.1268891666666667
-0.00932127146480657,0.1270961111111112
-0.00922137056335982,0.1273030555555556
-0.009188623114414502,0.12750999999999998
-0.008957881933057283,0.12771694444444448
-0.009254312857899115,0.12792388888888898
-0.009401226569155213,0.1281308333333334
-0.008958615184645333,0.1283377777777778
-0.007849499781677009,0.12854500000000008
-0.00904001602312703,0.12875250000000008
-0.008440828786754232,0.1289594444444445
-0.008252036415382406,0.1291663888888889
-0.008721554878044296,0.12937361111111118
-0.008202558654380833,0.1295805555555556
-0.00811848859215268,0.12978750000000008
-0.009118844572716686,0.1299944444444445
-0.008421521106943528,0.1302016666666667
-0.00823795635310138,0.13040861111111118
-0.007870644789430323,0.1306155555555556
-0.009073439958885904,0.1308225000000001
-0.008426970852546817,0.13102944444444448
-0.009183426133682171,0.1312363888888889
-0.008148170810085457,0.1314436111111112
-0.008203094748785566,0.13165083333333338
-0.008031260877374685,0.1318577777777778
-0.008345700666760226,0.1320647222222223
-0.008125563000852924,0.13227166666666668
-0.008034405667691804,0.1324786111111112
-0.008668225279024977,0.13268555555555558
-0.0077960708579225164,0.13289250000000008
-0.008314175418003247,0.1330994444444445
-0.00855149598755188,0.13330638888888888
-0.008236314331859139,0.1335133333333334
-0.008341016728574374,0.13372027777777779
-0.008489449638826719,0.13392722222222228
-0.007888474483813239,0.1341341666666667
-0.007831655928578261,0.1343411111111112
-0.008060529329523067,0.1345480555555556
-0.008246684580176626,0.13475499999999999
-0.008107841992295724,0.13496194444444448
-0.008187630835126298,0.1351688888888889
-0.008113719800274883,0.1353758333333334
-0.007934308982597862,0.13558305555555558
-0.008060216402680374,0.13579000000000008
-0.007894892893546751,0.1359969444444445
-0.007414414769986943,0.13620416666666668
-0.00780447512742769,0.13641111111111118
-0.007824020470256442,0.1366180555555556
-0.008017091208166321,0.13682499999999997
-0.007451084307746034,0.1370319444444445
-0.007950394873616567,0.13723888888888888
-0.0075258500734095984,0.13744583333333338
-0.00777129256111894,0.1376527777777778
-0.007333021015153318,0.13785999999999998
-0.007484555990990986,0.13806694444444448
-0.007156845299149707,0.1382738888888889
-0.00802716057890247,0.1384808333333334
-0.007298362604547493,0.1386877777777778
-0.0076359050784092705,0.1388947222222223
-0.007207186555863523,0.13910166666666668
-0.007671884612990849,0.1393088888888889
-0.007164149451486933,0.1395155555555556
-0.007310853792253311,0.1397230555555556
-0.00806973998807634,0.13993000000000008
-0.00735618240534076,0.1401369444444445
-0.007310768318007851,0.14034388888888888
-0.0076108395143466845,0.14055111111111118
-0.0076884009555549734,0.1407580555555556
-0.007390777083865279,0.1409652777777778
-0.007808377476835288,0.14117222222222228
-0.007367981325084563,0.1413791666666667
-0.007529494501243754,0.1415863888888889
-0.007197942304474868,0.14179333333333338
-0.006714304794157683,0.1420002777777778
-0.00698518148256682,0.14220694444444448
-0.007428599408587413,0.1424138888888889
-0.0073064417459842365,0.1426208333333334
-0.0069651681705009474,0.14282777777777778
-0.006746075444942563,0.1430347222222223
-0.00706460702062269,0.14324166666666668
-0.006539732243472651,0.14344861111111118
-0.006408811064744347,0.1436555555555556
-0.007170054004890932,0.1438625000000001
-0.00676381565602017,0.1440694444444445
-0.006606731140469391,0.14427638888888888
-0.006393597208836102,0.14448333333333338
-0.0066674797065308464,0.14469027777777788
-0.006580801343392896,0.1448972222222223
-0.006962308909834034,0.1451041666666667
-0.006600791733133427,0.1453111111111112
-0.00670526278018406,0.1455183333333334
-0.006972310083569884,0.1457252777777778
-0.0066295320675188625,0.1459322222222223
-0.0065171298079653535,0.14613916666666668
-0.006881101016667186,0.14634611111111118
-0.00655478790661208,0.1465530555555556
-0.0066004206920824374,0.14676000000000008
-0.006535792034607061,0.1469669444444445
-0.006637907198611837,0.14717388888888888
-0.00617329123519968,0.14738083333333338
-0.006459267069818621,0.1475880555555556
-0.006697527566142423,0.1477952777777778
-0.00624925203164577,0.14800222222222228
-0.006357535442604814,0.1482091666666667
-0.005859712831821249,0.1484161111111112
-0.005937506728922046,0.14862305555555558
-0.006173940269110233,0.1488300000000001
-0.0066315681991108025,0.1490372222222223
-0.006557446962990329,0.14924416666666668
-0.006733098338118621,0.1494511111111112
-0.006497920051520625,0.14965805555555559
-0.0062291861667894445,0.14986555555555559
-0.005980136135442692,0.15007250000000008
-0.005896537322531859,0.1502794444444445
-0.006315811265087422,0.15048638888888888
-0.005802731597765185,0.1506933333333334
-0.005877128694219982,0.15090027777777779
-0.005937665212712943,0.15110722222222228
-0.006025160140172025,0.1513141666666667
-0.005553032009136748,0.1515211111111112
-0.005838644801481189,0.15172805555555557
-0.005937708813874064,0.1519350000000001
-0.005773360864671855,0.15214194444444448
-0.006403369458200369,0.1523488888888889
-0.006385546127889647,0.1525558333333334
-0.00560187551103822,0.15276277777777778
-0.005983836648726017,0.1529694444444445
-0.005767116790035708,0.15317666666666668
-0.005374011994544804,0.15338361111111118
-0.005308038502086443,0.1535905555555556
-0.005643623241321471,0.15379749999999998
-0.005693806224822809,0.1540044444444445
-0.00566263289678524,0.15421138888888888
-0.005782077568296409,0.1544186111111112
-0.006013044904701099,0.1546252777777778
-0.006126841450097774,0.1548322222222223
-0.005608626557752142,0.15503944444444448
-0.005459790814498879,0.1552463888888889
-0.00552263826023352,0.1554533333333334
-0.005204474213074772,0.1556608333333334
-0.005408748042353036,0.1558677777777778
-0.00576591780925682,0.1560747222222223
-0.0051029466053102105,0.15628166666666668
-0.005747568058995849,0.15648861111111118
-0.005610355871837162,0.1566955555555556
-0.00537869845151664,0.1569025
-0.005451470588406629,0.1571094444444445
-0.004971437705296537,0.15731638888888888
-0.004845993384221817,0.15752333333333338
-0.005253481429656297,0.1577302777777778
-0.0050428594815608956,0.15793722222222228
-0.005221542915909816,0.1581441666666667
-0.0049295555693288605,0.1583513888888889
-0.004955718027363243,0.15855833333333338
-0.005239670776967855,0.1587652777777778
-0.004983860228673627,0.1589722222222223
-0.004917693306138225,0.15917916666666668
-0.005304354345501904,0.1593861111111112
-0.005369515707989221,0.1595933333333334
-0.005020691586014302,0.15980027777777778
-0.004807659413913722,0.1600072222222223
-0.0051699591682471185,0.16021416666666669
-0.005312659405934089,0.16042166666666668
-0.005034662426418111,0.16062861111111118
-0.005321437218274832,0.1608355555555556
-0.004834408722379901,0.16104249999999998
-0.005051229030888841,0.16124972222222228
-0.0049630887671033505,0.1614566666666667
-0.005103735867092857,0.1616636111111112
-0.00502314579998579,0.16187083333333338
-0.005212989055005899,0.1620777777777778
-0.00478873636510576,0.1622847222222223
-0.004576968346676627,0.1624916666666667
-0.004968377085596138,0.16269888888888898
-0.0050600603200431395,0.1629058333333334
-0.004838892991997193,0.1631127777777778
-0.0049078537485853,0.1633197222222223
-0.004710077556258408,0.16352666666666668
-0.004751365200353186,0.16373361111111118
-0.004269831088676294,0.1639405555555556
-0.004749996064321575,0.1641475
-0.004504943913761335,0.1643544444444445
-0.004562984493922118,0.1645616666666667
-0.0046614612274232334,0.164768888888889
-0.004802903083648221,0.16497583333333338
-0.004523167525545992,0.1651827777777778
-0.004585772582199353,0.16538972222222229
-0.00442334398397683,0.16559694444444448
-0.004505904176119872,0.1658038888888889
-0.00456108108073551,0.16601055555555558
-0.0043431812092234005,0.16621777777777788
-0.004530898707292948,0.1664247222222223
-0.004456488162416141,0.16663194444444449
-0.0044668748130534276,0.16683888888888898
-0.004462699879923757,0.1670461111111112
-0.004276762468028999,0.16725277777777778
-0.004372504015627466,0.16746000000000008
-0.004466871994105262,0.1676669444444445
-0.004362501610752943,0.167873888888889
-0.004462601823486897,0.1680808333333334
-0.004171492476572429,0.1682877777777778
-0.004359252222249876,0.16849472222222228
-0.004253437547310246,0.1687016666666667
-0.004327798096282889,0.16890861111111108
-0.004307021244845798,0.16911555555555557
-0.003988092716642614,0.1693225
-0.004049466817645776,0.16952944444444448
-0.004241140050270261,0.16973666666666667
-0.004137582280521565,0.1699433333333334
-0.0040987144682704205,0.17015055555555558
-0.004234467193458656,0.17035750000000008
-0.003979122229628956,0.1705644444444445
-0.004111552466787784,0.17077138888888888
-0.004332770682536255,0.1709780555555556
-0.0042826750748497806,0.17118527777777778
-0.004017741435417444,0.17139222222222228
-0.0039028970049962306,0.17159972222222228
-0.00420326818864002,0.17180722222222228
-0.0040307465696407686,0.1720141666666667
-0.003960406695693162,0.17222111111111119
-0.004051065886008799,0.1724280555555556
-0.004008458666828295,0.1726352777777778
-0.003725648449741322,0.17284222222222229
-0.0038814607951236932,0.17304972222222229
-0.004100730763887932,0.1732566666666667
-0.0038686234553592727,0.1734636111111112
-0.003747095615625736,0.1736711111111112
-0.004066375328377734,0.17387805555555558
-0.003978495533710775,0.174085
-0.004051976945403717,0.17429194444444449
-0.003942720979827697,0.1744988888888889
-0.003450713991628299,0.1747058333333334
-0.0036626631426365814,0.17491277777777778
-0.0036999670523772624,0.1751197222222223
-0.003723425017280097,0.1753266666666667
-0.003702070319109262,0.17553361111111118
-0.003572172284278006,0.1757405555555556
-0.0038012087391896955,0.17594749999999998
-0.003721281779312165,0.17615444444444447
-0.003762987339728083,0.1763616666666667
-0.003509584964517128,0.1765686111111112
-0.003418128122012239,0.17677555555555557
-0.0036831171998398943,0.1769825
-0.0034806644333299796,0.17718944444444448
-0.0034491096900186894,0.17739666666666667
-0.003688211732643009,0.1776033333333334
-0.0036129021640302064,0.17781055555555558
-0.0035338756229708447,0.17801750000000008
-0.0035933736757940756,0.1782244444444445
-0.003692972609307438,0.17843138888888888
-0.0033060844873301224,0.17863861111111118
-0.003778018559892728,0.1788455555555556
-0.0035780539046739446,0.17905249999999998
-0.00347814766899322,0.17925972222222228
-0.003387400935470784,0.1794666666666667
-0.0033691721273840245,0.1796736111111112
-0.0034024492636809435,0.17988083333333338
-0.003565259029143403,0.1800877777777778
-0.003458191265174304,0.18029444444444448
-0.0033817082031798204,0.1805016666666667
-0.003292224188330443,0.18070861111111108
-0.0034364676807492724,0.18091555555555558
-0.003429174783873764,0.18112250000000008
-0.0030250785315541614,0.1813297222222223
-0.0034347872214475286,0.1815363888888889
-0.0033221445094421273,0.1817433333333334
-0.0033657956210561826,0.1819505555555556
-0.0031621770618493654,0.18215750000000008
-0.0032126222244478987,0.18236472222222228
-0.003166715523526145,0.1825716666666667
-0.0032636702333561285,0.18277888888888888
-0.0033528562315961455,0.18298583333333338
-0.003421332372786432,0.1831927777777778
-0.0033216292269847647,0.18339972222222228
-0.0033986110181182987,0.18360694444444448
-0.0030598549274331323,0.1838136111111112
-0.0031699265990314906,0.1840213888888889
-0.0034165512668351264,0.18422833333333338
-0.002932988966269527,0.18443555555555557
-0.0030742915670638467,0.1846425
-0.0034811789558148345,0.1848497222222223
-0.0029241548090068506,0.18505666666666667
-0.003106830131211921,0.1852636111111112
-0.002934775223944576,0.1854711111111111
-0.0030599438307468987,0.18567805555555558
-0.0031907785352778585,0.18588500000000008
-0.0031030731448016095,0.1860919444444445
-0.003143600245851196,0.18629888888888887
-0.0028759864299357464,0.1865058333333334
-0.0030906664646294965,0.18671277777777778
-0.0029556576416835166,0.18691972222222228
-0.0028676325793740146,0.18712750000000009
-0.0029314595995328665,0.1873344444444445
-0.0029405607909862986,0.18754138888888888
-0.003122989975818497,0.18774833333333338
-0.002956026290105477,0.1879552777777778
-0.003015107796724173,0.1881622222222223
-0.0028657182512933066,0.1883691666666667
-0.003139192176767768,0.18857611111111108
-0.0027806439110752423,0.18878305555555558
-0.0028931982193374376,0.18899000000000007
-0.0028623905488677688,0.1891969444444445
-0.0028389257324659876,0.18940416666666668
-0.0029344458949553355,0.1896108333333334
-0.002810938316057687,0.1898180555555556
-0.002924668634671123,0.190025
-0.002923249776158021,0.19023222222222227
-0.002757333969176593,0.1904391666666667
-0.0027923752692507386,0.19064611111111118
-0.0027707461438194786,0.1908530555555556
-0.0026424593989296963,0.1910602777777778
-0.002833666867012496,0.19126722222222228
-0.002754827938409061,0.19147444444444447
-0.0027002193412333647,0.1916813888888889
-0.0028869136915440044,0.19188833333333338
-0.002489618682793197,0.19209527777777788
-0.0027251709007965422,0.1923022222222223
-0.002750413476656438,0.19250916666666668
-0.0027110713202963804,0.19271638888888898
-0.0026676940154496146,0.1929233333333334
-0.0026013013708073808,0.19313027777777778
-0.0027321637191675833,0.19333750000000008
-0.0026899101099834427,0.1935444444444445
-0.0027567890929962044,0.193751388888889
-0.0024694708652553805,0.1939583333333334
-0.002575882878878018,0.19416527777777778
-0.002784659356221351,0.19437222222222228
-0.0026007488277392,0.1945791666666667
-0.002514397417165108,0.19478611111111108
-0.002550442926388106,0.1949936111111112
-0.0025045830232039634,0.1952005555555556
-0.0026043785159316855,0.1954075000000001
-0.002462957379413586,0.19561444444444448
-0.0025854708863543617,0.1958216666666667
-0.0025276493646877044,0.1960286111111112
-0.002574308562667762,0.19623555555555558
-0.0027247162642901083,0.19644250000000008
-0.002529708222115266,0.1966494444444445
-0.0024560346046609127,0.19685638888888898
-0.0026556041087901217,0.19706361111111118
-0.002528706136855183,0.1972705555555556
-0.0024141790001792635,0.19747750000000008
-0.002438942219323486,0.1976844444444445
-0.0023204345963833972,0.1978916666666667
-0.0023657221685831013,0.19809861111111118
-0.0023556719227730777,0.1983055555555556
-0.0024821382210418047,0.1985125000000001
-0.0021971731784701048,0.19871944444444448
-0.002414045465064311,0.1989263888888889
-0.0023693175957132688,0.19913333333333338
-0.0023978225628250947,0.1993402777777778
-0.002397426711449574,0.1995472222222223
-0.002314447030125271,0.19975416666666668
-0.002375564615428561,0.1999611111111112
-0.002385695104776423,0.20016805555555559
-0.0024705926308173894,0.200375
-0.002324372646842521,0.2005822222222223
-0.0024316218807849494,0.20078916666666669
-0.002386827393083414,0.2009958333333334
-0.002356024335546308,0.20120277777777779
-0.0023564705692278977,0.20140972222222228
-0.002320067327447998,0.2016166666666667
-0.0022713107030614445,0.2018236111111112
-0.002159587996409846,0.20203083333333338
-0.0022276735649604334,0.2022377777777778
-0.0022064641270796988,0.2024447222222223
-0.0023345702674359087,0.20265166666666667
-0.0021559067501779505,0.2028586111111111
-0.002300192587449421,0.20306555555555558
-0.002373836005592122,0.20327250000000008
-0.0023035805879511647,0.2034794444444445
-0.002042984955358842,0.20368638888888888
-0.0020268479243037655,0.20389361111111118
-0.0022070374012197686,0.2041005555555556
-0.0020528326836380833,0.20430777777777778
-0.0020491270392794317,0.20451472222222228
-0.0022120722583593316,0.2047216666666667
-0.0021475880987771303,0.20492888888888888
-0.0020968239100136793,0.20513583333333338
-0.0020104328649705096,0.2053427777777778
-0.0022589062126002106,0.2055497222222223
-0.002260421366601242,0.2057566666666667
-0.001994645644825695,0.2059636111111112
-0.0020073062150981298,0.20617055555555558
-0.002265694725094191,0.2063777777777778
-0.0019804363226091012,0.2065847222222223
-0.0021699152567096797,0.20679166666666668
-0.0020250188271368525,0.20699861111111117
-0.002012405556120437,0.2072055555555556
-0.002095927160959772,0.20741250000000008
-0.0020329922480393165,0.2076194444444445
-0.001953043926123416,0.20782638888888888
-0.001865632811391859,0.20803333333333338
-0.0018782010178641628,0.2082402777777778
-0.0019544149741488703,0.20844749999999998
-0.0019192904252258811,0.20865444444444448
-0.002087848652469981,0.2088613888888889
-0.0019714876757610075,0.20906833333333338
-0.0019939727703759237,0.2092752777777778
-0.0018937924278699665,0.2094822222222223
-0.0019819266141499984,0.20968916666666668
-0.001909560802856254,0.2098961111111112
-0.0018768147421022664,0.2101033333333334
-0.0018478487743528054,0.21031027777777778
-0.002028500011119118,0.21051750000000008
-0.0018336650160750904,0.2107247222222223
-0.0018111961382193057,0.21093166666666668
-0.0019028212266631048,0.21113861111111118
-0.0019578973063961256,0.2113455555555556
-0.0019492422287621385,0.21155249999999998
-0.001882662468271055,0.2117594444444445
-0.0018338364507558228,0.2119666666666667
-0.0018182308471938495,0.2121736111111112
-0.0019281727345810769,0.2123805555555556
-0.0018213666278637261,0.21258749999999998
-0.0018175743960832085,0.21279444444444448
-0.00193332676347366,0.21300138888888898
-0.0018352512805039057,0.2132083333333334
-0.0017984547787936993,0.21341555555555558
-0.0018065676000144884,0.21362250000000008
-0.0016992710706626559,0.2138294444444445
-0.0017773071029682692,0.2140363888888889
-0.0017490485507146987,0.2142433333333334
-0.0017464157074403275,0.21445027777777778
-0.0016199963196709155,0.21465722222222228
-0.001762242455701051,0.2148641666666667
-0.0016581380772688445,0.21507111111111119
-0.001717508033452934,0.2152780555555556
-0.0017346759139408312,0.2154850000000001
-0.0018095915638199223,0.21569194444444448
-0.0017845017362728708,0.2158988888888889
-0.001828158895453897,0.21610583333333339
-0.001698879847794588,0.2163127777777778
-0.0015433029787737561,0.2165197222222223
-0.0017488039396915856,0.21672666666666668
-0.0016833116175825362,0.21693361111111117
-0.0016407308053769968,0.2171405555555556
-0.0017090133876649254,0.21734722222222227
-0.0016701308364297698,0.2175541666666667
-0.001691577402753283,0.21776138888888888
-0.0017027891442830175,0.2179680555555556
-0.0016521310545514769,0.21817499999999998
-0.001668585539726495,0.21838222222222228
-0.0016994558910405696,0.2185888888888889
-0.0017402029479669503,0.21879583333333338
-0.001526870433824545,0.21900305555555558
-0.0017271782122476966,0.21921
-0.0016055342689248932,0.21941666666666668
-0.0016485675170474449,0.2196236111111112
-0.001647478994178657,0.21983055555555558
-0.001611570212417588,0.22003750000000008
-0.0015454276114503745,0.2202444444444445
-0.0015645597379116954,0.22045166666666668
-0.0014775602676617991,0.22065861111111118
-0.0014988752402577887,0.2208655555555556
-0.001509075550090628,0.2210725000000001
-0.0016823286606831031,0.2212794444444445
-0.0015172563702081324,0.22148638888888889
-0.0014848199703464343,0.22169333333333338
-0.0014953500507806845,0.22190027777777788
-0.001624826665529165,0.2221072222222223
-0.0014087543652968946,0.2223141666666667
-0.0015115760784994976,0.2225211111111111
-0.0015370166446754898,0.22272805555555558
-0.0015212381940564543,0.22293500000000008
-0.0014535333069817162,0.2231419444444445
-0.0015571619964186473,0.22334888888888887
-0.0014287326666972606,0.2235558333333334
-0.0014754740707127482,0.22376277777777778
-0.0015392073371448198,0.22396972222222228
-0.0014739556611769074,0.2241766666666667
-0.0012714346795260271,0.2243836111111112
-0.0015476996857290623,0.2245905555555556
-0.001518989526915333,0.22479749999999998
-0.0013848969472569572,0.22500444444444448
-0.001445157301992747,0.2252116666666667
-0.0014571612877207114,0.2254186111111112
-0.00136744920624977,0.22562555555555558
-0.001406405497071403,0.2258327777777778
-0.001378284791212553,0.2260397222222223
-0.0012821799827924816,0.22624666666666668
-0.0015060230215907509,0.22645361111111117
-0.0013486808313730426,0.2266605555555556
-0.0012250174231971734,0.22686750000000008
-0.0014314248266086252,0.2270744444444445
-0.00132706360623122,0.22728138888888888
-0.0013329540488167231,0.22748833333333338
-0.0013547322618842695,0.2276952777777778
-0.0013491537427740743,0.22790222222222228
-0.0013098347743020094,0.22810999999999998
-0.0013831558742605221,0.22831694444444448
-0.001325600373027355,0.2285238888888889
-0.001267473969992973,0.22873083333333338
-0.001311519342653107,0.2289377777777778
-0.0013653598004644723,0.2291447222222223
-0.0013204708847041544,0.22935166666666668
-0.0012848366801816182,0.2295586111111111
-0.0012711323648176374,0.22976555555555558
-0.001237475829909536,0.22997250000000008
-0.001341902095755695,0.2301794444444445
-0.0012386370577409849,0.23038638888888888
-0.001368819209930721,0.2305933333333334
-0.0012786002320565506,0.2308005555555556
-0.0012583996227683663,0.2310075000000001
-0.0013913976207493193,0.2312144444444445
-0.0013392693803740848,0.2314211111111112
-0.0011765366113737222,0.23162833333333338
-0.0011739177787630038,0.23183583333333338
-0.0012085905450033288,0.2320427777777778
-0.0012807344756846726,0.2322497222222223
-0.0011937209753374962,0.2324202777777778
-0.0012413471452484364,0.2326636111111112
-0.0011608253919029332,0.2328708333333334
-0.001124202606254985,0.23307750000000008
-0.0011676929236115645,0.2332844444444445
-0.0011766071965234551,0.23349166666666668
-0.0012734656823207649,0.23369861111111118
-0.0012899253436855535,0.2339055555555556
-0.001137307047029489,0.23411250000000008
-0.0012748245263526003,0.2343194444444445
-0.0011755064651003601,0.23452638888888888
-0.0011947483137044349,0.23473333333333338
-0.001152763650318482,0.2349405555555556
-0.0012021745149497364,0.23514749999999998
-0.001227133054911257,0.23535472222222228
-0.001171389479917436,0.2355616666666667
-0.0010898054085595717,0.2357686111111112
-0.001103182777959596,0.23597555555555558
-0.0011218148487206576,0.2361827777777778
-0.0010312903408995174,0.2363897222222223
-0.0010809696425857994,0.23659666666666668
-0.00105370423110187,0.2368036111111111
-0.0010984223553438515,0.23701055555555559
-0.0011344467110933193,0.23721750000000008
-0.0010442721738486895,0.2374247222222223
-0.0010332618951025099,0.2376319444444445
-0.0010748591392944727,0.23783888888888896
-0.0010693377213301912,0.23804583333333337
-0.0010555095399736878,0.23825277777777779
-0.0009775269585863308,0.2384597222222223
-0.0010646788843416554,0.23866666666666667
-0.0010701896436223729,0.2388736111111112
-0.0010672032773144673,0.2390805555555556
-0.0011111796060572056,0.23928750000000007
-0.001029754128781517,0.23949444444444448
-0.0010218920000688728,0.2397013888888889
-0.0010433705425308012,0.2399086111111112
-0.0009483326720435446,0.2401155555555556
-0.0010257482174563864,0.2403222222222223
-0.001046447153696031,0.2405294444444445
-0.0010207168698150235,0.2407363888888889
-0.0009566694095427381,0.2409436111111112
-0.0009868777253725957,0.24115055555555556
-0.0010642857053031526,0.24135750000000009
-0.0009871993207742425,0.2415644444444445
-0.0010123504063634303,0.2417716666666667
-0.0010099445997523984,0.2419786111111111
-0.0009753477230854253,0.24218555555555557
-0.0009231689214967358,0.2423925000000001
-0.0010194018109987585,0.2425994444444445
-0.0008578646245308117,0.24280638888888897
-0.001089250369306824,0.2430133333333334
-0.0009205310298742654,0.2432202777777778
-0.0009363260674621593,0.24342722222222227
-0.0008924295393647026,0.24359777777777789
-0.0009962224175711046,0.2438411111111112
-0.0009190000316702054,0.24404805555555562
-0.0009305023391167067,0.24425527777777786
-0.0009555096143220163,0.24446222222222228
-0.000987706519128033,0.2446691666666667
-0.0009161344472367276,0.2448761111111112
-0.0009876660495305811,0.24508305555555557
-0.0009588955686865095,0.2452900000000001
-0.0009207933560833434,0.2454969444444445
-0.0009919287164549513,0.24570388888888897
-0.0009266998498740115,0.24591083333333338
-0.0008870781664937458,0.2461177777777778
-0.0009050187062496767,0.24632472222222226
-0.0009014867097608807,0.24653166666666668
-0.000893350901635925,0.2467386111111112
-0.0008152884917387436,0.2469455555555556
-0.0008822501382260038,0.24715250000000008
-0.0008519494830277821,0.2473594444444445
-0.0007958210160606289,0.24753
-0.0008927184360891819,0.24777333333333337
-0.0008942335216906037,0.24798027777777779
-0.0009365074626278016,0.2481875000000001
-0.0008187203264124184,0.2483944444444445
-0.0008542333555644037,0.24860138888888897
-0.0007966087047819844,0.24880833333333338
-0.000848980957770929,0.2490158333333334
-0.0008792790815578344,0.24922277777777788
-0.0008569919070548522,0.2494302777777778
-0.0008228900813178179,0.24963722222222226
-0.000834299549357939,0.24984416666666667
-0.0008112823650632896,0.2500516666666667
-0.0007164603449099703,0.2502586111111112
-0.0008621027588433486,0.2504655555555556
-0.0007492250055539974,0.2506725
-0.0007870238604508885,0.2508794444444445
-0.0008195188614259468,0.251086388888889
-0.0007736557303443497,0.2512933333333334
-0.0009508544707974166,0.2515002777777779
-0.0007859530278575744,0.2517069444444445
-0.0007483383933201463,0.2519141666666667
-0.0007156120282088029,0.25212111111111124
-0.0007842457773020238,0.2523280555555556
-0.0008460385807943438,0.25253472222222234
-0.0007246125598110603,0.2527416666666668
-0.0007320959116895995,0.2529486111111112
-0.0007906484052698825,0.2531555555555557
-0.0007603711230284378,0.2533625000000001
-0.0007949219770616864,0.2535694444444445
-0.0008210304034490076,0.2537763888888889
-0.0007458521514516197,0.2539833333333334
-0.0007133658424624865,0.2541905555555557
-0.0008141075496105432,0.2543975000000001
-0.0007124769989396084,0.2546044444444445
-0.0008149521522051409,0.254811388888889
-0.0007716444373438555,0.2550183333333334
-0.0007316978917216112,0.2552252777777778
-0.0007558844292881158,0.25543222222222234
-0.0007588795683253365,0.2556391666666667
-0.000755887519477527,0.2558461111111112
-0.0007529365358922547,0.25605305555555563
-0.0006527570452782257,0.2562600000000001
-0.0007044045534056044,0.2564669444444445
-0.0007215057526353999,0.2566738888888889
-0.0006858552838654725,0.2568808333333334
-0.0006776581306121845,0.25708805555555564
-0.0006641729563483969,0.2572950000000001
-0.0006197108455678981,0.2575022222222223
-0.0006569924457309631,0.2577091666666667
-0.0007082686775767195,0.25791611111111123
-0.000671254405699937,0.2581230555555556
-0.000729337325155317,0.2583300000000001
-0.0006450499596397954,0.2585372222222223
-0.0007177489404351727,0.2587441666666667
-0.0006224008780033056,0.25895111111111113
-0.0007010632645550534,0.2591580555555556
-0.000672475915429028,0.2593650000000001
-0.0007274686196521937,0.25957194444444454
-0.0005913993518620565,0.259778888888889
-0.0006708851809805312,0.2599858333333334
-0.0006132025553456769,0.26019277777777783
-0.0006911562103383026,0.2603997222222223
-0.0006519158328252726,0.2606066666666667
-0.0006837416755374932,0.26081361111111123
-0.0006473352396163522,0.2610211111111112
-0.0005929588202647999,0.2612280555555556
-0.0006263563022700457,0.26143500000000003
-0.0006054094608850496,0.2616419444444445
-0.0006494181872035262,0.2618488888888889
-0.0006286869137070812,0.26205583333333343
-0.0005792831152610309,0.2622627777777779
-0.0005804842778728347,0.2624697222222223
-0.000544844874622503,0.2626766666666667
-0.0006572336627167453,0.2628838888888889
-0.0005944388777679569,0.26309083333333344
-0.000674820776324523,0.2632977777777779
-0.0005850241731416058,0.2635047222222223
-0.0005523324471266612,0.2637116666666668
-0.0006267061001738277,0.2639188888888889
-0.0006324144536559745,0.2641258333333334
-0.0007095717740076359,0.2643327777777778
-0.0005897244634506193,0.26453972222222233
-0.0006296855645407406,0.2647466666666668
-0.0006196817157527298,0.26495333333333343
-0.0006345108398894855,0.2651605555555556
-0.0005289765346313785,0.2653675000000001
-0.0006092485724234521,0.2655744444444445
-0.0005847187179986635,0.265781388888889
-0.0005459295811792279,0.26598833333333344
-0.0005784870581059523,0.2661952777777779
-0.0005439222615152007,0.2664022222222223
-0.0005586937305194324,0.26660916666666673
-0.000513421220686357,0.2668161111111112
-0.0005364610398100379,0.2670230555555556
-0.0005622683173033846,0.26723
-0.0006161850209417072,0.2674369444444445
-0.0005706527603056181,0.2676438888888889
-0.0005643078483881245,0.2678508333333334
-0.0005234552075616924,0.2680577777777779
-0.000579063988456931,0.2682647222222223
-0.0005878097830230736,0.2684719444444445
-0.0005408394018955782,0.2686788888888889
-0.0005914411346531882,0.26888583333333343
-0.0005624181643740107,0.2690930555555556
-0.0005133315512480337,0.2692997222222223
-0.00047485150283043916,0.2695069444444445
-0.0004928943014435124,0.2697138888888889
-0.0005543442355274535,0.26992083333333344
-0.0005431025313764788,0.2701277777777778
-0.0005427873028638968,0.2703350000000001
-0.0005863536632202458,0.2705419444444445
-0.0005306290280565149,0.27074888888888893
-0.0005398114172338135,0.2709558333333334
-0.0005108270110613549,0.2711627777777778
-0.0004894039986779967,0.27136972222222233
-0.0004825003391589552,0.2715766666666667
-0.0004519111307618262,0.271783888888889
-0.0004849658571181592,0.2719908333333334
-0.0004898185240387945,0.2721977777777778
-0.00039318958445400316,0.2724050000000001
-0.0004875962397357516,0.27261194444444453
-0.00044900504411834216,0.2728191666666667
-0.00043334114875453393,0.2730258333333334
-0.0005086871733086395,0.2732327777777778
-0.00047833451029187556,0.27344
-0.0005004663066061361,0.27364694444444454
-0.0003856936874525531,0.2738538888888889
-0.00046847805541357914,0.2740608333333334
-0.0005237381560976907,0.2742675000000001
-0.0004036441019699535,0.2744744444444445
-0.00048657577902265156,0.2746816666666667
-0.00039206988946908876,0.27488861111111124
-0.00038099522342804686,0.2750955555555556
-0.00045457882734883015,0.2753025000000001
-0.0004420173010584856,0.2755097222222223
-0.0005001177090244137,0.2757166666666667
-0.0004138525716795079,0.2759236111111112
-0.0004431313634659786,0.2761305555555557
-0.00036138294636704196,0.2763375000000001
-0.00045687977679635303,0.2765444444444446
-0.00037511254192407607,0.276751388888889
-0.0004416939470353702,0.2769583333333334
-0.00043802663522644707,0.27716527777777783
-0.0004031989575707159,0.2773722222222223
-0.00036148147136113977,0.2775791666666667
-0.0004089538657853286,0.2777861111111111
-0.0003809219345955924,0.2779930555555556
-0.00036576094681879353,0.2782
-0.00043352490772718966,0.2784069444444445
-0.000404845247384596,0.278613888888889
-0.0003735317492460324,0.27882111111111124
-0.00046471863680428783,0.2790280555555556
-0.00043182995449858824,0.2792350000000001
-0.0004172396482280485,0.27944194444444453
-0.00037210653256505876,0.2796491666666667
-0.00034783295856303164,0.2798561111111112
-0.0003933703009716317,0.28006333333333344
-0.0003876831986615778,0.2802702777777779
-0.00039641122035300065,0.2804772222222223
-0.00042518904006114296,0.2806844444444445
-0.00038907375627162614,0.2808913888888889
-0.0003738070509425237,0.2810983333333334
-0.00044020601924829735,0.2813052777777778
-0.00032939476765560716,0.2815122222222222
-0.00040247792991401183,0.2817191666666668
-0.00039460197559727686,0.2819261111111112
-0.0003725635795985611,0.2821330555555556
-0.00032969971200922374,0.2823400000000001
-0.00042003156930467823,0.2825469444444445
-0.00043686071754115937,0.28275444444444453
-0.000381640885654531,0.282961388888889
-0.0003556573535037395,0.2831683333333334
-0.0003682454246330954,0.2833752777777778
-0.0003221772944332802,0.2835819444444445
-0.0003040961589690143,0.2837888888888889
-0.0003843240334030036,0.2839961111111111
-0.00033748694713876045,0.2842027777777779
-0.00035082027169580936,0.28441
-0.0003737393565762234,0.2846169444444445
-0.00027814397563339526,0.2848236111111112
-0.0003124103580204805,0.2850305555555556
-0.00036348821146865273,0.2852375000000001
-0.00028954448470267495,0.28544472222222234
-0.0004026398464586654,0.2856516666666667
-0.0003333958600718304,0.2858586111111112
-0.0003009845059256353,0.28606555555555563
-0.00034453529182913815,0.2862725000000001
-0.0003758745973808515,0.2864794444444445
-0.00038108749363073357,0.28668638888888903
-0.00036293302070485,0.2868933333333334
-0.0003421719064036568,0.2871002777777779
-0.0003352693724351176,0.2873072222222223
-0.00031650942432144146,0.2875141666666668
-0.00031500401204779106,0.2877211111111112
-0.0003082180477093762,0.2879280555555556
-0.0003415783931218578,0.28813500000000003
-0.0003018796227890957,0.2883419444444445
-0.0003181680894886027,0.2885488888888889
-0.0002771497032448859,0.2887558333333335
-0.0003109042906626618,0.2889627777777779
-0.0003210114563772881,0.2891697222222223
-0.00030490026595667615,0.2893766666666667
-0.0002589183299137866,0.2895836111111112
-0.00026646660148272987,0.2897905555555556
-0.0002282232328053174,0.2899975
-0.00031037029684250796,0.29020444444444454
-0.00035534120009241693,0.2904113888888889
-0.000250822356574,0.2906183333333334
-0.00028554329987197813,0.2908250000000001
-0.0003211245810211692,0.2910319444444445
-0.000299532376749563,0.291238888888889
-0.00029503441676751894,0.29144611111111124
-0.00025245844804504865,0.2916530555555556
-0.0002936164608657194,0.2918600000000001
-0.0003241024826651436,0.29206694444444453
-0.0002932123040377798,0.292273888888889
-0.00027126947555099136,0.2924808333333334
-0.00033148518325743756,0.2926877777777778
-0.00022517639940827886,0.2928947222222223
-0.0002832441519019759,0.2931016666666668
-0.0002498746293728421,0.29330861111111123
-0.00023292560402343645,0.2935155555555557
-0.0003007901863098702,0.2937225000000001
-0.0002215327472631347,0.2939297222222223
-0.0002658655798229467,0.2941366666666667
-0.00023779997981714882,0.294343888888889
-0.00029553258903959834,0.29455083333333343
-0.00021969830860690375,0.2947577777777779
-0.00029795323250202734,0.2949647222222223
-0.00025463426145052903,0.2951716666666667
-0.00024060189346628643,0.2953788888888889
-0.00024584743876525817,0.2955855555555557
-0.00025344300180605976,0.2957925000000001
-0.00024105626986508207,0.2959994444444446
-0.0001920930348885873,0.296206388888889
-0.00022416089124168684,0.2964133333333334
-0.00021557345285238964,0.29662027777777783
-0.00026559703147745683,0.2968272222222223
-0.0002124855590132003,0.2970341666666667
-0.0002208552853777806,0.2972411111111111
-0.00020973583004369703,0.2974483333333334
-0.0002518703578028935,0.297655
-0.00024060847404954724,0.2978619444444445
-0.00019839003066763163,0.298068888888889
-0.00019819068714312126,0.29827611111111124
-0.00024643391850693534,0.2984827777777778
-0.00023933509331751552,0.2986900000000001
-0.00019667396358982725,0.29889694444444453
-0.0002030022249336793,0.299103888888889
-0.00030621685995758344,0.2993108333333334
-0.0002475186571505506,0.2995180555555556
-0.00022779654589735477,0.299725
-0.00027586401428214807,0.29993194444444454
-0.00026915388333544527,0.3001388888888889
-0.00022670840735033505,0.3003461111111112
-0.00017675027059139699,0.3005530555555556
-0.00022814105364774853,0.30076000000000014
-0.00020731981162486137,0.3009666666666667
-0.0002235822490853687,0.301173888888889
-0.00022578249462375873,0.30138083333333343
-0.00021026819041003247,0.3015877777777779
-0.00018402507172385156,0.3017947222222223
-0.00021558248384852616,0.3020016666666667
-0.00021332815107711657,0.3022086111111112
-0.0002518207881899851,0.3024155555555556
-0.0001749079332254422,0.3026225
-0.00025951249266159635,0.3028294444444446
-0.00019744813354656223,0.303036388888889
-0.00015933966067089883,0.3032433333333334
-0.00017576932837696656,0.3034502777777779
-0.00018514380627259803,0.30365750000000014
-0.000226811164492588,0.3038644444444445
-0.0001837168077301471,0.304071388888889
-0.0001880599279027888,0.30427833333333343
-0.00021631148893662183,0.3044852777777779
-0.00019549359495130885,0.3046922222222223
-0.0001958367326860104,0.3048991666666667
-0.0001735316717038361,0.3051061111111112
-0.000182925661990147,0.3053130555555557
-0.00019793854161180585,0.3055200000000001
-0.00019163034328445287,0.3057272222222223
-0.00016069721108856775,0.30593416666666673
-0.0002058257400339679,0.3061411111111112
-0.00016372802114241532,0.3063480555555556
-0.00016221747493371907,0.30655500000000013
-0.0001478154492279427,0.3067619444444445
-0.00020586717879319486,0.3069688888888889
-0.0001517669222603357,0.3071758333333334
-0.00019896013039762844,0.30738277777777784
-0.00017963456201703244,0.3075897222222223
-0.00016178781919950938,0.3077966666666667
-0.00014716611278576847,0.30800361111111124
-0.0001774123388010732,0.3082105555555556
-0.00016519952979094998,0.3084177777777779
-0.00013498246405218087,0.3086247222222223
-0.00020863646110789503,0.3088316666666667
-0.00018738837199160422,0.3090388888888889
-0.00020121174904603177,0.30924583333333344
-0.00016386055066018292,0.3094527777777778
-0.00018326650658616572,0.3096597222222223
-0.00014184789980594765,0.3098669444444445
-0.00017859306356007582,0.3100736111111112
-0.00018283591432917466,0.3102805555555556
-0.000192531929062816,0.3104877777777778
-0.00016775730821397934,0.3106947222222222
-0.00018027365377299592,0.3109016666666668
-0.00014256194333227984,0.3111086111111112
-0.00020476396853473115,0.3113152777777779
-0.00015082479011450196,0.3115222222222223
-0.00018969199875116415,0.3117291666666667
-0.0001428844370315285,0.3119361111111112
-0.00017688046117300655,0.3121430555555556
-0.0001822501751559588,0.31235
-0.00014482716434779448,0.3125569444444446
-0.00015095126107322795,0.312763888888889
-0.00018002653538727722,0.3129711111111112
-0.00014785227976352432,0.3131777777777779
-0.0001437478831008107,0.3133847222222223
-0.00012407657070838553,0.3135916666666667
-0.0001476148985186094,0.31379861111111124
-0.00013119130889251938,0.31400583333333343
-0.00017583837680608925,0.3142127777777779
-0.0002075197704459988,0.3144197222222223
-0.00011900477284340806,0.3146266666666667
-0.00014248775006492776,0.3148336111111112
-0.0001295857335762155,0.3150402777777778
-0.00013773106383994406,0.3152472222222223
-0.00012374803637850944,0.3154541666666667
-0.0001602381538213222,0.3156611111111112
-8.695478801264373e-05,0.31586805555555564
-0.00011734257191883297,0.31607527777777783
-0.00015469676983468196,0.3162822222222223
-0.00013023128904452927,0.3164891666666667
-9.794211490558039e-05,0.3166958333333334
-0.00012114310633255592,0.3169027777777779
-0.0001422398651071642,0.31711
-0.00014849854557970923,0.3173169444444445
-0.00013546612135025644,0.317523888888889
-0.00013681916733311654,0.3177308333333334
-0.00011588503060263943,0.3179380555555556
-0.0001734300741495356,0.3181452777777779
-0.00010195487161340625,0.3183522222222223
-0.00012774215101289687,0.3185591666666667
-0.00013108190474921632,0.3187661111111112
-0.00010606980153347715,0.3189730555555556
-0.0001758898660146897,0.31918
-0.0001187022426271639,0.31938694444444454
-0.0001391606588803127,0.3195938888888889
-0.00013787460318554466,0.3198008333333334
-0.00014387950910542158,0.3200077777777779
-0.00011035075880225535,0.3202147222222223
-0.00013428324834624978,0.3204219444444445
-0.00014224140143929932,0.3206294444444445
-0.00011694179061746084,0.320836388888889
-0.00011579549567344155,0.3210433333333334
-0.00012439368175970228,0.3212502777777778
-0.00010783075218010271,0.32145722222222234
-0.0001288969338078058,0.3216641666666667
-0.0001255127846310706,0.3218711111111112
-4.3354741750059004e-05,0.32207805555555563
-0.0001145913563025809,0.3222850000000001
-0.00012638784299354833,0.3224919444444445
-0.00011576108314717142,0.3226988888888889
-0.00010442046273946099,0.3229058333333334
-9.423919617967724e-05,0.3231127777777779
-6.521730095713276e-05,0.3233197222222223
-0.00013266965666038674,0.3235266666666668
-0.00012004431278460158,0.3237336111111112
-0.00012389986890818684,0.3239405555555556
-0.00010795175190782274,0.3241475000000001
-0.0001122107508449967,0.3243544444444445
-0.00010748379562136297,0.3245613888888889
-4.3790794741798344e-05,0.32476833333333344
-0.00015502967570078146,0.3249752777777779
-0.00011433103373779003,0.3251822222222223
-0.0001223445031429034,0.3253897222222223
-7.24583044857596e-05,0.3255966666666668
-9.588407528442796e-05,0.3258036111111112
-7.016603602583529e-05,0.3260105555555557
-0.00014110717474095995,0.3262175000000001
-0.00012981853533122853,0.3264244444444445
-0.00014364307870681902,0.32663138888888893
-8.770999077640856e-05,0.3268383333333334
-0.00013617558746702548,0.3270452777777778
-0.00011604115462324622,0.32725222222222233
-8.052398958007477e-05,0.327458888888889
-7.8550288875567e-05,0.32762944444444453
-8.68169544228258e-05,0.3278727777777779
-8.227119946095705e-05,0.3280797222222223
-9.330894751217935e-05,0.3282866666666667
-9.450551243821463e-05,0.3284938888888889
-7.469939526635454e-05,0.3287005555555556
-0.00011162377687006344,0.3289075
-9.394758196644372e-05,0.3291147222222223
-9.739569884037745e-05,0.32932166666666673
-9.316667268581872e-05,0.3295286111111112
-7.909100774969579e-05,0.3297355555555556
-8.71224868899353e-05,0.32994250000000014
-7.050327602634314e-05,0.33014972222222233
-4.688148132607755e-05,0.3303572222222223
-9.941099811443423e-05,0.3305641666666668
-7.275684583997054e-05,0.33077111111111124
-7.784437735531321e-05,0.3309780555555557
-9.207684951299046e-05,0.3311850000000001
-8.769704231120318e-05,0.3313916666666667
-9.171676497189349e-05,0.3315986111111112
-5.1977931505349506e-05,0.33180555555555563
-0.00011480411440754787,0.3320125000000001
-7.398511745811663e-05,0.3322194444444445
-9.78988304465825e-05,0.33242638888888904
-0.00010037858819487468,0.3326333333333334
-8.674854752519721e-05,0.3328405555555557
-0.0001354818940508231,0.3330475000000001
-8.848511375430894e-05,0.3332544444444445
-8.30870169894323e-05,0.33346138888888893
-0.00010554295083927074,0.3336683333333334
-7.802996129375014e-05,0.3338750000000001
-4.571383644324113e-05,0.3340819444444445
-7.280346824950192e-05,0.3342891666666667
-7.12047797044257e-05,0.3344961111111112
-0.00010095120957664884,0.3347027777777779
-6.659943371743884e-05,0.3349097222222223
-4.667231888043496e-05,0.33511666666666673
-8.202973200471461e-05,0.3353236111111112
-8.226700410455618e-05,0.3355305555555556
-4.728568466618626e-05,0.3357375
-8.311889483493252e-05,0.3359444444444445
-5.328542174397316e-05,0.3361513888888889
-0.0001223064064630848,0.3363583333333334
-9.374650080324628e-05,0.33656527777777784
-6.572532843988416e-05,0.3367722222222223
-4.390619105137678e-05,0.3369791666666667
-6.133635305240063e-05,0.33718611111111124
-9.205125050500726e-05,0.3373936111111111
-5.499159944750336e-05,0.33760111111111113
-7.63344425754084e-05,0.3378080555555557
-9.622642517831417e-05,0.3380150000000001
-6.894836122324705e-05,0.3382219444444446
-4.5555202242285276e-05,0.338428888888889
-5.316637522345604e-05,0.3386358333333334
-8.759542011404698e-05,0.3388430555555556
-7.429137210244907e-05,0.33905000000000013
-4.681983110180698e-05,0.3392572222222223
-5.996292310061547e-05,0.3394641666666668
-2.5363796269848487e-05,0.3396711111111112
-9.745299787383363e-06,0.3398780555555556
-6.907507662802002e-05,0.3400847222222223
-6.944628316211867e-05,0.3402919444444445
-7.313742935867451e-05,0.3404988888888889
-4.823205166454194e-05,0.34070583333333343
-7.002356116909942e-05,0.3409127777777779
-7.467939105327442e-05,0.3411197222222223
-4.395125679902592e-05,0.341326388888889
-8.099389706045469e-05,0.3415333333333334
-5.13328805010675e-05,0.341741388888889
-6.731651009218064e-05,0.3419483333333334
-8.720970264290456e-05,0.3421552777777778
-7.123123785176698e-05,0.3423622222222223
-2.6525437798695524e-05,0.3425691666666667
-4.7539010759317137e-05,0.3427761111111112
-2.0380749686760443e-05,0.34298305555555564
-4.346512668636796e-05,0.34319027777777783
-7.716800883884428e-05,0.3433972222222223
-8.44563329828373e-05,0.34360527777777783
-7.87176262345196e-05,0.3438122222222223
-4.676103129222053e-05,0.3440191666666667
-5.538022462221715e-05,0.34422611111111123
-8.621280746188393e-06,0.3444330555555556
-7.43059381021102e-05,0.3446400000000001
-1.761709423276145e-05,0.3448469444444445
-1.516817179375888e-05,0.3450536111111112
-5.894232962061073e-05,0.3452608333333334
-3.5295291765514194e-05,0.3454677777777778
-5.0029072663056336e-05,0.34567472222222234
-6.826921204211605e-05,0.3458816666666667
-6.995669263766964e-05,0.3460886111111112
-1.5520172825095422e-05,0.34629555555555563
-4.6896508763220456e-05,0.3465025000000001
-5.818843718321024e-05,0.34671000000000013
-4.167410297974052e-06,0.34691694444444454
-5.696878565967378e-05,0.347123888888889
-5.1678686808087306e-05,0.3473308333333334
-2.518230507814206e-05,0.34753777777777783
-6.890336964232959e-05,0.347745
-3.6998479784597035e-05,0.3479519444444446
7.248094711708971e-06,0.348158888888889
-5.9916960617488414e-05,0.34836583333333343
-2.5338251650665767e-06,0.3485727777777779
-5.792010158575152e-05,0.3487800000000001
-5.061753755603921e-05,0.3489869444444445
-3.765744162309245e-05,0.349193888888889
-5.252088180793905e-05,0.34940083333333344
-3.0633049983206664e-05,0.3496077777777778
-3.624691407422189e-05,0.3498147222222223
-5.399757591749286e-05,0.3500219444444445
-2.827777118732098e-05,0.3502288888888889
-4.799402746758451e-05,0.3504355555555556
-3.7483259913568905e-05,0.35064250000000013
-7.146117562621337e-05,0.3508497222222222
-7.378657121918822e-05,0.3510566666666668
-2.468477145020696e-05,0.3512636111111112
-3.8787312831946525e-05,0.3514705555555556
-6.784796615584554e-06,0.35167750000000003
-3.1165380347098533e-05,0.3518844444444445
-1.5201233410766063e-05,0.3520913888888889
-5.6783954402264334e-05,0.35229833333333344
-6.316441595867196e-05,0.3525052777777778
-3.125496674411516e-05,0.3527122222222223
-9.138774494422676e-06,0.35291916666666673
-1.9163685370521396e-05,0.3531261111111112
-3.3766304017889275e-05,0.3533330555555556
-3.979927811000359e-05,0.35354000000000013
-3.502499373799227e-05,0.3537469444444445
-6.935502014493241e-05,0.353953888888889
-1.2773918009401943e-05,0.3541608333333334
1.6083019201187693e-05,0.3543680555555556
-2.1561449252689187e-05,0.3545747222222223
-5.532804006571211e-05,0.3547816666666667
-2.6747531461274572e-05,0.35498861111111113
-5.773672424245365e-05,0.3551955555555557
-4.444908942592807e-05,0.3554025000000001
-6.60251555772247e-05,0.35560944444444453
-4.68166163568712e-05,0.355816388888889
-2.079185569989523e-05,0.3560233333333334
-4.0099092804974165e-05,0.3562302777777778
-3.2683639855754954e-05,0.3564377777777779
-1.9756280902182108e-05,0.3566447222222223
-5.497622457425067e-05,0.3568516666666668
1.2117891104783759e-05,0.3570583333333334
-4.169942523367311e-05,0.3572655555555556
