m/z 35.00 ch3;37/21;Relative Time
0.9893323;7.431807617;0.756
1.122614972;7.086785474;1.512
0.997713732;7.319712598;2.269
1.118105668;7.246273466;3.025
0.827899148;7.073865035;3.781
1.070326236;7.313039217;4.538
1.111390038;7.461170537;5.294
0.929574709;7.237775088;6.051
0.844925139;7.183454084;6.807
0.738857585;7.204080294;7.564
0.797798707;7.311657484;8.321
1.072491502;6.995676698;9.078
1.157563739;7.084301722;9.834
1.11929826;7.414641595;10.59
0.971459842;7.029014301;11.346
1.064977245;7.244376276;12.103
1.264206194;7.226441368;12.859
0.867505574;6.792989756;13.616
1.545767282;6.945689279;14.372
0.904629344;7.23058238;15.129
0.964265855;6.92969387;15.885
0.800143636;6.522911795;16.642
1.208350521;6.753861469;17.398
0.610320004;7.097652985;18.154
0.684985579;6.838530656;18.91
1.090637761;7.201142412;19.667
1.096120568;6.83320915;20.423
1.061503493;7.171196601;21.18
1.179353156;7.135011916;21.936
0.678249653;7.078273493;22.693
0.901339999;7.091962578;23.449
0.664222884;6.773217779;24.205
0.711277942;7.108090509;24.961
0.934764734;6.958071895;25.717
0.952190584;6.99290825;26.474
0.68239813;7.104451239;27.23
0.939046984;7.198187419;27.987
1.432961594;7.039381398;28.743
0.918667015;7.169411521;29.5
0.861130666;6.659247144;30.256
1.00349036;6.802350118;31.012
0.685411408;7.311415249;31.769
0.728510762;7.013665901;32.525
1.450767066;7.336370698;33.282
1.023900755;7.176712527;34.038
0.814584553;6.786381014;34.794
1.176799149;7.321129474;35.55
0.784985314;7.136349004;36.307
1.218810848;7.579379046;37.063
1.118870038;6.711816859;37.82
0.824275062;7.087321174;38.576
1.242818398;7.379212012;39.333
0.990615907;7.350652201;40.089
1.19755137;7.042028327;40.845
0.749076026;6.773091918;41.601
0.523021342;6.768916772;42.357
0.668299617;7.026331777;43.114
0.908272283;6.982591098;43.871
1.00954986;6.843078889;44.627
0.85066691;6.870321743;45.383
0.573884914;6.942359598;46.14
0.519839594;7.066396846;46.896
1.072979138;7.114909947;47.652
0.487534403;7.488654456;48.409
0.820366448;7.38270114;49.165
0.72511075;7.050614121;49.921
0.954547308;7.392972155;50.677
0.805419936;7.078381087;51.433
0.759746025;7.101670723;52.19
1.407500977;7.072977462;52.946
1.067794797;6.65913757;53.702
0.842056371;7.09722543;54.459
0.856563667;6.746690134;55.216
0.780345728;7.144184609;55.972
0.849228522;7.469625441;56.728
0.686209442;7.310720785;57.484
1.08456457;6.833064404;58.24
0.75740903;7.424700892;58.997
0.989814963;7.090535538;59.753
0.834289595;6.730129638;60.51
0.992196915;6.632904166;61.266
0.660704605;7.024309397;62.022
0.606501816;7.015276992;62.778
1.058446715;7.070779566;63.535
1.113726852;6.886606262;64.292
0.976417853;6.805943713;65.048
0.702358965;7.013185624;65.804
0.585133295;7.206042356;66.561
0.953914148;7.11995688;67.317
1.106755426;6.845085475;68.073
0.587664162;7.256909008;68.83
0.766622895;7.215277327;69.586
0.894826429;7.34203579;70.342
0.909435135;6.985713305;71.098
0.463108425;6.782033334;71.855
0.563519123;6.996957616;72.611
1.179844947;7.180929163;73.367
1.003879124;6.951301488;74.124
0.569556217;7.12957613;74.88
0.656085007;7.061431537;75.636
0.982239584;6.732135247;76.393
0.773716298;7.36916193;77.149
0.880387599;7.052976099;77.905
0.674826002;7.213510029;78.661
0.753785283;7.368451814;79.417
0.796188529;7.14725165;80.174
0.997444332;7.338382072;80.93
0.768882893;7.007653321;81.687
0.698181188;7.382423922;82.443
1.173586568;6.470614895;83.199
0.563011967;6.87393032;83.955
0.623900952;6.763808678;84.713
0.793413345;6.848087919;85.47
0.716460688;7.147994437;86.226
0.878393316;6.997750382;86.983
1.057152039;6.983442575;87.74
1.178586745;6.754643093;88.496
0.624160875;6.727952413;89.252
0.754627595;6.907198565;90.01
0.722752923;7.189778785;90.766
0.841358004;6.860795221;91.522
1.100055541;7.049280289;92.279
0.525873722;6.903829802;93.035
1.120139582;6.620232571;93.792
0.627338336;6.953997013;94.548
0.734916712;6.980291998;95.173
0.484245492;7.129323405;96.06
0.854378985;7.118145938;96.817
1.171196568;7.093421446;97.573
0.431295161;7.399493948;98.33
0.763923318;6.990188648;99.086
0.917737967;7.171288921;99.842
0.751322927;6.9382661;100.598
0.91589579;6.986080829;101.355
0.753761294;6.972262141;102.111
0.609143322;6.972905864;102.867
0.592071419;6.648235567;103.624
1.048140973;7.494208371;104.38
0.533133522;7.100887011;105.136
0.794586144;7.47220231;105.893
0.909928468;7.047516974;106.649
0.521357691;7.146043268;107.405
0.59976036;6.673892107;108.162
0.626753475;7.016701537;108.918
1.071980413;7.586892867;109.675
0.565056959;7.146661337;110.432
1.008742916;7.151217475;111.19
0.804371048;6.691755349;111.946
0.780143691;6.943077157;112.703
0.673314846;6.811687906;113.459
0.888857522;6.741155975;114.215
0.432081939;6.726401701;114.972
0.465584569;7.130423746;115.729
0.927691866;7.431604286;116.485
0.711552282;6.896881584;117.242
0.798195577;7.205637293;117.998
0.604416996;7.598903449;118.755
0.755813919;7.075245218;119.512
0.736531736;6.579196464;120.269
0.625102869;7.013071496;121.025
0.386106687;7.789361091;121.65
0.522701886;7.226435099;122.538
0.961695232;6.999577919;123.295
0.865688057;7.152494187;124.052
0.863942914;7.342936473;124.809
0.676746658;7.250592774;125.565
0.830102891;7.246606741;126.321
1.190206122;7.012034051;127.077
0.813998818;6.899046699;127.833
1.144156715;7.158154343;128.59
1.411813716;7.049506397;129.347
1.672226828;6.791007251;130.103
1.798147813;7.265335978;130.859
2.248790491;7.248349056;131.615
2.806854444;7.370878363;132.372
3.146613086;7.155622856;133.128
4.234793512;7.460499485;133.884
5.736762728;6.886281223;134.641
6.252170258;7.72730548;135.397
8.623426839;7.056765813;136.154
10.61446301;6.874186286;136.91
13.04966534;7.083362145;137.666
17.69491299;7.471295663;138.423
19.20499883;6.953724614;139.179
22.54300019;7.120650383;139.935
28.17446245;7.371909164;140.692
35.35135966;7.010514821;141.448
38.11027624;7.265099537;142.205
47.47023864;6.962789351;142.961
50.40849667;7.332186241;143.717
62.32935841;7.571197285;144.473
73.37139738;7.322182394;145.23
81.64763971;7.074400912;145.986
86.00153213;7.339274382;146.743
97.79616319;7.329472067;147.499
110.2987308;6.962440761;148.255
120.5368881;7.054669598;149.013
131.4156849;7.178157427;149.77
144.5782715;7.170933056;150.526
149.4057422;7.137913566;151.283
160.724895;7.269501987;152.039
170.3656615;7.119921949;152.795
184.1783194;7.132676747;153.552
209.2437029;7.673275441;154.308
214.6358296;7.256154068;155.065
216.3848107;7.536951075;155.821
237.9982213;7.17962983;156.577
260.4779501;7.406582611;157.333
254.2163145;7.186840125;158.092
256.6791152;6.806858124;158.849
275.7758383;7.639558928;159.605
279.1721452;7.057030897;160.362
298.9904509;7.304298144;161.119
293.9097156;7.098473427;161.875
315.6316409;7.287940625;162.631
310.6988075;6.943141866;163.387
324.4894379;7.257520896;164.145
325.9030523;6.925102282;164.902
330.7118798;7.037869037;165.658
361.1260167;7.02463517;166.415
363.7622149;6.9505413;167.171
380.287796;7.245810159;167.927
381.0245799;7.394913959;168.684
384.1232674;7.498900205;169.441
381.7472473;7.065663907;170.197
384.3285357;7.058336971;170.954
409.6069157;7.610609444;171.71
396.3955764;7.225691483;172.467
410.085388;7.707520412;173.223
410.4831783;7.465245691;173.979
433.2518669;7.683852383;174.736
425.7115591;7.085411503;175.493
424.5273892;6.787901232;176.249
443.7163096;7.64363179;177.005
440.6537548;7.339844471;177.762
440.9726682;6.940323045;178.519
470.2738996;7.605534357;179.275
457.8713409;7.142884698;180.031
463.8161786;7.18088055;180.791
475.5870794;7.090775196;181.547
474.7195936;7.631019542;182.303
484.5664342;7.317103793;183.06
468.2487996;7.625961328;183.816
484.7746133;7.134682763;184.573
483.7076459;6.809654173;185.329
461.3113789;6.836159221;186.086
465.422768;6.907638765;186.842
503.0406962;7.481717489;187.598
479.5384544;7.153473859;188.355
509.1940055;7.088579148;189.111
495.9782377;7.326893075;189.867
503.980551;7.311062804;190.623
507.0004245;7.44919141;191.249
531.5507983;7.369155576;192.136
532.4176321;7.490889095;192.893
539.4099906;6.955955912;193.65
506.7095225;7.239769208;194.406
504.7612204;7.008572334;195.163
513.4748935;6.726292812;195.92
520.8936962;7.297797187;196.677
533.9650689;7.216841263;197.433
519.9736772;7.181608482;198.189
535.7196102;7.521096624;198.946
539.9258768;7.311951234;199.702
545.7542946;7.307890771;200.458
538.7080917;7.304338147;201.214
541.5647956;7.058590976;201.971
550.7235252;7.224926391;202.727
546.5973566;7.338914392;203.484
555.598693;7.379399208;204.241
585.8174603;7.270237693;204.997
537.4192821;7.331330769;205.753
539.2922324;7.064405201;206.511
546.3610358;6.880441185;207.268
578.7328443;7.598047078;208.025
547.5436566;6.948667073;208.783
579.8663165;7.126049843;209.541
553.5201686;7.217416101;210.297
578.6367559;7.269070562;211.053
574.9688991;7.252681203;211.81
566.470268;7.246655122;212.566
581.1086111;7.281278891;213.322
559.320967;6.586023921;214.08
576.1905419;7.192551441;214.836
575.0315426;7.569506847;215.593
571.8665922;7.371184084;216.349
579.1007325;7.344191489;217.105
584.540867;7.294093692;217.862
580.4504653;6.972069607;218.618
577.3801555;7.123613205;219.375
607.0473104;7.578118966;220.131
569.838901;7.150131409;220.887
570.5875566;6.910593485;221.644
600.9908403;7.201964511;222.4
589.3677839;7.152344725;223.156
606.8797716;7.43878176;223.912
587.6698717;7.005752758;224.669
619.4215207;7.299669212;225.425
610.5666908;7.48654081;226.181
577.981659;7.003437132;226.938
602.3597691;7.265137238;227.694
608.4965471;7.173371446;228.45
603.5470721;7.433774197;229.207
586.7729801;7.081570798;229.966
597.4398035;7.043806827;230.722
638.7352403;7.712090355;231.478
594.7731807;6.773939996;232.235
631.3829154;7.569568279;232.992
604.7562757;7.190215577;233.748
625.3272776;7.380552617;234.504
619.2396139;7.305496651;235.261
622.3313381;7.339887279;236.017
634.9456629;7.5980234;236.774
608.9945042;6.966563643;237.53
615.8520795;7.205076751;238.287
605.2419998;6.924421322;239.043
612.4845386;7.177163819;239.799
615.4017355;7.236297093;240.556
641.9728668;7.30910377;241.314
625.501528;7.302660057;242.071
642.9023378;7.172874067;242.827
631.6784695;7.550321355;243.584
601.6715634;6.951244773;244.34
635.1646424;7.387655348;245.096
610.9647589;7.010734959;245.853
617.6406794;6.898952759;246.609
620.3099168;7.316361673;247.366
623.4795676;7.579342722;248.122
639.5802392;7.287189086;248.879
622.2427637;7.394730577;249.635
645.4072991;7.430646761;250.392
636.9272802;7.362424328;251.148
638.3619822;7.132923337;251.904
650.52069;7.473099968;252.661
646.0002802;7.494454295;253.417
652.4254941;7.268750921;254.173
659.4866009;7.523667606;254.93
657.4140486;7.369380547;255.686
651.4365143;7.450478394;256.442
676.9236713;7.290263551;257.199
669.1637482;7.347150406;257.955
655.7985702;7.344613578;258.711
666.8052217;7.565288254;259.469
660.6242843;7.458105931;260.225
647.575267;7.278703058;260.982
656.6591439;7.013583804;261.741
692.8870707;7.35903702;262.497
672.6465199;7.779805935;263.253
668.253219;7.148028121;264.01
645.0799571;7.227024368;264.766
695.8760288;7.710095121;265.523
636.9987774;7.368448009;266.279
664.542675;7.253156577;267.035
674.0953553;7.462185903;267.792
661.5927924;7.069672022;268.549
675.0894942;7.419670372;269.305
623.7484838;7.090630622;270.061
653.0443004;7.26729625;270.818
661.6807497;7.620962945;271.574
671.5134031;7.414360253;272.33
672.9584391;7.213784956;273.087
667.9717346;7.110846876;273.843
660.1350988;7.143502408;274.599
657.9898467;7.172530148;275.355
648.0158578;7.347224508;276.111
690.5867872;7.659024782;276.87
684.4669779;7.454902925;277.495
682.2118929;7.487713277;278.383
668.8651242;7.072452554;279.139
702.1397252;7.614331201;279.895
709.0534612;7.518346361;280.652
672.943778;7.437830966;281.41
673.3730804;7.11852465;282.166
688.9993724;7.553408847;282.923
672.1772593;6.920759507;283.679
701.7011445;7.571205108;284.435
682.759733;7.459512899;285.192
666.6363399;7.344514817;285.948
668.0986355;7.128316747;286.704
682.4485325;7.107357323;287.461
676.1190119;7.293228599;288.218
700.2523922;7.483294871;288.975
703.0787951;7.657402867;289.732
672.1573418;7.206419772;290.488
693.6360183;7.305181145;291.245
680.7225225;7.043582203;292.002
709.4789071;7.469690181;292.761
690.4537563;7.094006621;293.517
668.3900045;7.053789116;294.274
686.4751318;7.519852698;295.03
702.3468485;7.080798926;295.786
692.0084843;7.115078051;296.542
712.526219;6.893187684;297.299
722.1860054;7.998214277;298.055
707.6160246;7.416213213;298.813
676.5063196;7.038966646;299.569
720.967998;7.568583942;300.326
683.017703;7.36295092;301.083
705.7660091;7.269087262;301.839
700.7115324;7.424470496;302.595
697.1739227;7.49675395;303.352
703.9454347;7.372422132;304.109
687.8783546;7.078484047;304.865
697.75288;7.360410696;305.622
708.9976954;7.5277673;306.378
710.9045838;7.176238955;307.134
720.1451104;7.717030117;307.891
700.7641969;7.357858286;308.647
729.2521018;7.345765984;309.404
733.562754;7.447312243;310.16
703.4037491;7.066287086;310.916
703.0744176;7.3392365;311.673
725.3040764;7.21975779;312.429
729.6439697;7.807324102;313.185
724.4461811;7.147306836;313.942
739.1795372;7.259801075;314.698
724.1626711;7.379060452;315.455
707.9936541;7.361378959;316.211
689.3602957;6.936195136;316.968
689.9113064;7.438791464;317.724
701.4561576;7.023262067;318.481
723.5380642;7.468945392;319.237
720.3732795;7.484612787;319.993
736.4706682;7.493315545;320.75
730.1456383;7.441996487;321.506
715.3239953;7.358765353;322.263
709.9223426;6.729366898;323.02
691.3284823;7.090780343;323.776
706.4853355;7.109705116;324.533
728.5597585;7.251362077;325.29
709.417052;7.394695456;326.046
697.0419959;6.936885058;326.802
701.68551;6.739155719;327.559
728.8208293;7.505620391;328.315
720.3729084;7.269158942;329.071
703.3916966;6.969330657;329.828
710.7622022;7.111708612;330.584
724.1372007;7.680098404;331.341
769.2544043;7.640272736;332.097
737.2095945;7.238039269;332.853
727.8717309;7.166180507;333.61
727.6388379;7.604979205;334.366
725.1814239;7.267136051;335.123
727.9406695;7.219839225;335.879
743.035521;7.258020995;336.635
735.5569722;7.537611009;337.392
718.2670806;7.636954658;338.148
686.1490582;7.059349181;338.904
739.7174214;7.425551224;339.661
732.2124017;7.280730259;340.417
688.5823383;6.983147098;341.173
743.1339065;7.369156864;341.93
718.2139846;7.510984706;342.687
719.2176549;7.351686427;343.443
734.2643165;7.422525143;344.199
723.0135672;7.290969675;344.956
744.1993447;7.609409963;345.712
721.8962696;7.219066365;346.469
737.3782755;7.157410839;347.094
735.6863425;7.211857787;347.983
729.9667376;7.042898197;348.74
721.1309919;6.748410948;349.496
740.3684186;7.56497914;350.253
744.6794192;7.329754908;351.01
722.0032694;7.153973026;351.766
701.3720895;7.231641086;352.523
717.9510084;7.184111283;353.279
727.1025907;7.285175492;354.035
714.1668364;6.718239791;354.792
728.5933361;7.983336919;355.549
723.4068971;7.509931554;356.305
712.3156363;7.048370766;357.062
732.2388455;7.30182307;357.819
699.3687475;7.201022053;358.575
708.5052685;6.867596737;359.331
727.0581256;7.21988959;360.087
710.4979144;7.098973853;360.844
734.2938279;7.291693504;361.6
726.683032;7.15286857;362.356
714.2212179;7.05229635;363.113
784.096582;7.564073617;363.87
716.6488691;7.287653691;364.627
734.4222737;7.090536071;365.383
730.3509634;7.474689741;366.14
761.7358012;7.450211842;366.896
681.6566285;7.01151803;367.652
720.9153921;6.860585697;368.408
721.7006709;7.231127421;369.165
749.964755;6.866546128;369.921
721.5332635;7.190216249;370.678
724.5364977;7.104722854;371.434
710.0271713;7.236698835;372.19
723.4475125;7.040844073;372.946
704.4951315;6.715750036;373.703
778.0730107;7.727095478;374.459
731.3653526;7.390187717;375.215
756.4178293;7.438562131;375.972
733.918099;7.265619766;376.73
739.0152213;7.401773666;377.486
742.0595454;7.479531288;378.243
781.9792888;7.677948298;378.999
771.7977376;7.538353145;379.755
736.9751036;7.250245181;380.511
760.3289965;7.43569991;381.268
754.7068716;7.147293644;382.025
741.4448094;7.210236516;382.782
736.4689531;7.181088257;383.541
741.4279661;7.531980039;384.297
727.7091148;7.293228102;385.053
750.4812315;7.534095448;385.809
741.195712;7.022861168;386.566
740.2547799;7.324153466;387.323
742.950763;7.102102744;388.08
722.4136242;7.128778829;388.836
776.9364615;7.533603479;389.593
714.1269225;6.966411857;390.349
764.5254926;7.466578715;391.105
751.4111196;7.256972428;391.862
741.0394651;7.561432469;392.618
754.7775512;7.309583883;393.375
739.2870552;7.400637836;394.131
756.9210754;7.678920249;394.887
736.7729971;7.044701508;395.644
739.8770369;6.963536817;396.4
735.9832842;7.322074336;397.156
753.1718847;7.376860093;397.913
754.5796275;7.384371524;398.67
769.0617624;7.169244987;399.426
739.950792;7.529390456;400.183
749.9211873;7.596523592;400.939
746.8572395;7.43692733;401.695
741.917142;7.293525165;402.452
767.1119336;7.714443002;403.208
722.974613;7.148348303;403.965
728.8610355;7.004336967;404.721
758.3145726;7.736711036;405.477
752.9756098;7.430370479;406.234
751.001448;7.514451667;406.99
725.5008839;7.200880813;407.747
746.1290358;7.370043206;408.503
727.0965915;7.083709802;409.261
750.3705235;7.141637971;410.017
749.6837855;7.377651082;410.774
738.1384071;6.808444449;411.53
747.4550423;7.461327792;412.287
768.9800982;7.327112591;413.043
749.5253715;7.14976323;413.8
757.3912438;7.585020179;414.556
760.5904291;7.600382183;415.313
732.9996072;6.996614013;416.07
738.0700441;7.268090341;416.826
730.5949188;6.96377958;417.582
768.9516137;7.389769181;418.339
756.8606818;7.275138086;419.095
738.7324007;7.387798207;419.852
731.2714285;6.75992291;420.608
761.3617575;7.534641767;421.364
772.2947574;7.383164827;422.121
776.51617;7.659414617;422.877
737.8450777;7.469294247;423.633
761.0034816;7.554806712;424.391
745.5014838;7.173005077;425.147
732.9321882;6.790094455;425.903
764.3015129;7.362046293;426.659
778.3353832;7.271946845;427.416
755.0356413;7.137279439;428.172
754.0409907;7.214280124;428.93
777.4860073;7.37582008;429.687
717.4064227;6.966224888;430.443
784.9407052;7.333066696;431.199
754.6835828;7.412767509;431.956
790.9811726;7.318315099;432.712
786.984774;7.63324389;433.469
771.2918569;7.549350624;434.225
738.9220311;6.609194119;434.982
747.2817835;7.052833897;435.738
775.440676;7.501144165;436.494
747.4018599;7.114262099;437.251
760.3083534;7.270393852;438.007
792.9860917;7.41195072;438.764
749.89905;6.787546389;439.52
762.9260289;7.085349175;440.277
779.8380353;7.404174456;441.033
738.5716093;6.764106565;441.79
752.0567611;7.36460261;442.546
772.0263819;7.329004555;443.303
769.2809493;7.578050423;444.06
794.4100802;7.150638558;444.816
752.2983603;6.73144227;445.573
780.3041758;7.314313108;446.329
767.4506828;7.452014179;447.086
772.8686067;6.869101499;447.842
765.5021978;6.845437945;448.599
769.187769;7.255681507;449.355
803.8477595;7.552321252;450.111
792.8551878;7.338561951;450.868
772.7974486;7.186209859;451.625
773.586155;7.126317663;452.382
788.1343847;7.319976719;453.138
743.6337535;7.179080361;453.894
765.4885832;7.203715515;454.65
730.6027726;7.038634832;455.407
745.9189867;7.307549997;456.163
702.5601881;6.802717592;456.919
699.3694084;6.805040586;457.676
712.2801911;7.656068908;458.433
643.3632405;6.737524708;459.189
654.0468423;7.303204159;459.946
633.7500772;7.209028258;460.702
634.7900242;7.527819996;461.458
604.9122779;6.981159846;462.215
594.2065239;6.941774042;462.971
570.878286;7.261200816;463.728
568.3333012;7.443438278;464.484
537.2578184;6.950929181;465.24
544.7917486;7.283215681;465.997
496.8904611;6.574793699;466.753
520.4704682;7.197509056;467.51
500.2869083;7.668605999;468.266
462.3173959;6.935036083;469.022
469.0391651;7.08906754;469.78
480.9603916;7.197536063;470.536
455.5191201;7.097372266;471.295
440.6433859;6.942316872;472.051
420.8304303;6.955984506;472.808
432.2944012;7.130886902;473.564
423.8985466;7.071584263;474.321
396.6329046;6.858378328;475.078
416.5847084;7.586700509;475.834
387.3882622;7.238448247;476.59
396.0280512;7.377293884;477.347
381.7259295;6.74806598;478.103
392.3064285;7.431383862;478.86
360.8622369;7.032947917;479.616
376.5636474;7.185575805;480.373
357.4269876;6.846480083;481.129
359.5526993;7.012841658;481.885
344.4219262;6.9312193;482.642
347.0448993;6.925140243;483.398
345.5922086;6.967167063;484.154
334.4957981;7.139765636;484.911
328.333303;7.055821394;485.667
330.1418411;6.84443266;486.292
346.9340035;7.367724553;487.18
317.2911252;7.02276427;487.936
316.9845516;6.526970996;488.692
309.103852;7.094854833;489.449
319.1331402;7.070060235;490.205
326.8754548;6.992373544;490.961
294.2628759;7.042339982;491.718
307.9657754;7.222741425;492.474
285.3438676;6.738975608;493.231
306.2538909;7.088979567;493.987
301.5221619;7.07625881;494.744
300.7857938;6.933418502;495.5
285.3267529;7.12873648;496.256
275.814111;7.003969489;497.013
282.9738073;7.361319878;497.769
282.2003456;6.742184406;498.525
276.6779787;7.018418296;499.281
275.124877;7.003950814;500.04
275.6282369;7.205054069;500.796
268.2949714;7.117856881;501.553
270.1981751;6.887273134;502.309
262.8239492;6.989275657;503.066
271.2621665;7.155582593;503.822
266.0353585;6.890165203;504.579
259.873353;7.263186822;505.335
248.8477413;6.841227134;506.094
254.465289;6.9106297;506.851
250.925134;7.225408474;507.607
249.204827;7.313460759;508.363
247.9328814;7.068391462;509.119
245.4230708;6.89243755;509.875
247.5855885;7.453505384;510.632
237.408875;6.983664078;511.388
240.2517369;6.551898941;512.145
239.2764073;7.148621346;512.901
229.5732749;7.062341556;513.657
229.9421918;6.929091633;514.414
229.1713465;6.70580562;515.17
223.0023347;6.789568342;515.927
222.2349457;7.122266112;516.683
223.2984559;6.861657728;517.441
230.1647407;7.07418422;518.197
223.3786059;6.971703734;518.953
225.8445955;7.055999934;519.71
223.5398432;6.944835812;520.466
224.8858244;6.845574815;521.222
222.6454557;7.181562146;521.978
220.6935684;7.255016997;522.735
205.7745423;6.869666457;523.491
229.3351212;6.960635613;524.248
213.8168111;7.093969036;525.004
219.2954528;7.356817392;525.761
217.3523058;7.198755821;526.517
200.9028556;7.401533041;527.274
203.6729541;6.938370966;528.03
205.0146091;6.783035404;528.787
193.5641931;6.582772496;529.543
193.5752258;6.68597589;530.299
195.0652413;7.055582998;531.056
204.2522318;7.149827934;531.813
201.1862756;7.058587143;532.569
209.7275803;7.164008293;533.325
203.7751749;7.564422746;534.082
192.2261797;7.070474819;534.838
206.1092919;7.252628038;535.595
193.0854869;6.797440654;536.353
193.8405195;7.02336381;537.109
190.1307201;7.020841692;537.865
189.5619441;6.739157941;538.622
195.0933009;7.188498426;539.378
190.1305048;7.050905468;540.135
187.7299422;6.94029037;540.891
191.9881452;7.118519693;541.648
191.2422982;7.173748785;542.405
194.6164689;6.920720847;543.163
184.0209471;6.732953432;543.919
175.9068972;6.808090156;544.675
179.9169133;6.94762693;545.431
188.8084964;7.054190646;546.19
171.7400375;6.960767752;546.947
190.068773;7.576490312;547.703
175.9543522;7.065015826;548.459
185.9258645;7.230797647;549.216
175.5684961;7.100463549;549.972
174.0076349;6.952852957;550.728
170.2286738;6.962266907;551.484
172.8063947;7.06663889;552.241
174.7182128;7.380448342;552.997
177.8542373;7.167448318;553.753
171.2132003;6.994048614;554.51
166.0963091;6.901737171;555.266
177.8050721;7.462850413;555.891
173.5584812;6.857293486;556.778
173.8618419;7.132610812;557.535
163.9945151;6.873421433;558.292
173.4136047;7.045578331;559.048
168.0091906;6.770500998;559.805
160.7357215;7.038651068;560.561
173.4696514;7.32300965;561.317
163.9439215;7.117572038;562.075
161.0401133;7.137315069;562.832
165.5318019;6.934397313;563.59
167.5302396;7.180429823;564.346
161.2598463;7.166036326;565.103
164.8620846;7.222007053;565.859
163.731256;7.047605053;566.615
163.6819991;7.0675006;567.372
163.0725347;7.549050332;568.128
166.8477778;7.115584202;568.884
158.0232572;6.714980432;569.64
160.4611969;7.689903863;570.397
155.7139518;7.006014614;571.153
156.7837387;6.788817169;571.909
156.0395042;6.740863009;572.666
160.1471057;6.571952937;573.424
158.9771267;6.616076141;574.18
150.5936835;6.928929523;574.936
154.6809512;6.731625777;575.692
153.6327241;6.891509223;576.449
147.2527288;6.957808119;577.205
153.1889673;6.928100336;577.961
151.1099635;6.823815736;578.718
154.2391754;7.025869904;579.474
153.8957702;7.197878796;580.23
151.0150423;6.768135278;580.986
144.8707323;6.708672969;581.742
158.4375209;7.253017924;582.5
149.7109563;7.016944863;583.256
145.0274498;7.184662746;584.013
146.5328263;7.200899362;584.769
146.6335087;6.684122717;585.525
151.4886527;7.224738322;586.282
148.8290506;6.922431843;587.038
143.9112976;6.828982969;587.795
147.6024699;7.030222437;588.551
148.646315;7.037394867;589.308
140.4394497;7.006828492;590.064
147.343489;6.949179418;590.822
140.2187077;6.935438616;591.578
134.8477212;6.596838364;592.335
139.9109224;7.033273443;593.091
149.1323624;7.19984879;593.847
142.1555681;7.016053;594.604
140.2266668;7.169019147;595.36
143.2998886;6.919108689;596.117
143.7382826;7.589795738;596.873
140.5305717;6.84898649;597.63
136.2354602;6.974520799;598.386
138.0074931;6.978565499;599.142
140.1155226;7.263841418;599.899
139.712134;7.259641716;600.655
134.8814574;7.032479311;601.412
133.4411516;7.030596055;602.168
139.5959567;6.669553168;602.925
129.7361895;6.458090248;603.682
145.6436735;7.363913528;604.438
130.5450559;6.529433666;605.194
129.7075344;7.029044425;605.95
127.4572823;6.909269076;606.707
135.6417532;7.101475692;607.463
129.8726738;7.039752722;608.219
136.3844005;7.135511681;608.844
133.8117907;6.995984632;609.732
135.9875492;7.064810172;610.488
134.7444298;7.167657707;611.244
127.1511702;6.966464846;612.001
129.6949334;6.922771941;612.757
129.7055146;7.446167209;613.513
127.1978479;6.81588182;614.269
128.1565376;6.855317217;615.026
126.7586014;7.064206848;615.782
131.3062613;7.076684227;616.54
126.3674508;6.866519982;617.297
130.6635794;7.147837881;618.053
125.8930337;6.687629314;618.809
127.9640612;7.223466229;619.566
126.2517245;6.784814281;620.322
125.5624192;6.440194609;621.078
123.0253175;6.642608623;621.834
130.7336683;7.195097608;622.591
127.3689845;7.242150041;623.347
128.3666806;7.452941975;624.103
133.178721;7.422898832;624.86
123.6426515;6.781733673;625.616
132.344884;6.971923571;626.372
126.4698238;6.974929277;627.128
128.3797359;7.389585607;627.885
126.2575096;6.998286215;628.641
118.7461981;6.885066657;629.398
121.2125443;6.897027086;630.154
126.50902;7.351528627;630.91
121.9577217;6.810000109;631.667
127.3614611;7.095052869;632.423
122.5179071;7.198265961;633.18
121.4815136;7.003884919;633.936
129.6118818;7.062779475;634.692
123.680407;7.025852505;635.449
126.8656336;7.768586936;636.205
123.9051985;6.910065045;636.961
121.2390933;7.075619751;637.718
123.7749112;7.057306999;638.475
125.0560191;7.287861468;639.233
121.3305603;7.118297309;639.99
114.2470593;7.142886017;640.746
123.8004949;7.468326594;641.503
116.9728919;6.57720649;642.261
121.3902462;6.930118852;643.017
120.7726476;6.923437685;643.774
115.5254065;7.132283648;644.53
125.8021813;7.11995626;645.287
111.7922171;6.82514948;646.043
117.3517545;7.081385525;646.799
112.783996;7.20475177;647.556
120.2900984;7.361330549;648.312
111.2415563;6.752761248;649.069
111.0693081;6.920129437;649.825
115.3397;7.13599205;650.581
121.6200813;7.608429729;651.338
115.0608022;7.13110141;652.094
121.2297961;6.949958156;652.85
113.9188629;7.183667641;653.607
113.4943986;6.918784327;654.363
113.4230617;7.158473269;655.119
114.376531;7.106803123;655.876
108.8502134;6.756206652;656.632
104.9203126;6.538646595;657.389
112.5029664;7.071607688;658.145
118.3809387;7.304175421;658.902
116.8317417;7.316889931;659.658
116.2199601;7.325351012;660.415
115.160842;7.057316394;661.171
109.1826107;6.835358606;661.927
113.5845452;7.109647178;662.684
108.7042757;7.092016602;663.44
112.0878813;7.167058819;664.197
112.8140951;7.372684766;664.953
107.3444491;6.755636766;665.709
116.8834782;7.151269537;666.465
105.4524939;6.965137271;667.221
108.9253231;6.869478914;667.978
108.8307707;6.924431299;668.735
114.2307615;7.00179709;669.491
108.7478721;7.127964228;670.247
113.2918297;7.534028706;671.004
111.1989367;7.040346091;671.63
108.1485845;6.689860023;672.517
109.6039493;7.163491216;673.274
108.1331028;6.905604989;674.03
108.304771;6.739256285;674.786
106.1159395;7.125906784;675.542
109.3134187;6.851298685;676.298
104.6954609;6.885485935;677.055
106.8980557;7.306696176;677.812
104.497493;6.907243273;678.569
105.7391582;6.946756682;679.325
109.5853412;7.05256832;680.083
105.590778;6.674054757;680.84
103.4908942;6.879724518;681.596
108.1182178;7.04438589;682.353
104.2882243;7.10750304;683.109
107.3583338;6.845905787;683.865
104.9997291;6.614739048;684.622
104.6566005;7.254162754;685.378
105.4862499;7.271940429;686.134
104.6473125;6.673916803;686.891
101.4928722;6.645726675;687.647
99.9003926;6.942213996;688.403
97.96668147;6.850924487;689.159
103.686333;6.828878735;689.916
101.650547;7.086909856;690.672
102.5203984;6.915103864;691.43
95.75835694;6.741552997;692.186
107.2963952;7.012901174;692.942
104.6233187;7.249475866;693.699
109.327977;6.992814881;694.455
95.77115041;6.849342172;695.212
102.2333702;7.072771342;695.969
96.6727229;6.320154252;696.725
97.68129668;7.298015287;697.481
103.6981667;6.891742201;698.238
97.75264354;6.956915338;698.994
97.17875677;7.145333033;699.75
100.8901936;7.384511801;700.506
99.10152622;6.961401139;701.263
99.29610815;6.891333325;702.019
100.9603214;6.715042934;702.776
99.71357517;7.223235407;703.532
100.7084399;7.099538612;704.29
104.0213339;7.426169067;705.046
96.62067139;6.801077493;705.803
95.49125125;6.957664891;706.561
92.28741527;6.802201162;707.318
96.68278376;6.532249488;708.075
99.5940566;6.794619504;708.831
93.4202352;6.877737807;709.587
96.36713184;6.964772813;710.344
100.2435246;7.102498155;711.1
99.45811808;7.05911114;711.857
97.97815996;7.025533014;712.613
99.56115106;6.970264639;713.369
91.38449045;6.865003328;714.126
96.08767132;6.802601976;714.751
93.08503566;6.582301881;715.639
93.02759614;6.731374131;716.395
97.82862965;6.994731625;717.151
92.5534916;6.729721466;717.908
93.65540451;7.240514691;718.665
100.3471983;7.066633629;719.423
96.74998743;6.896427763;720.179
97.4677696;7.050389015;720.935
94.00878533;6.966518141;721.694
95.14261681;6.856439834;722.45
95.10758602;6.939066803;723.206
94.2887707;6.771713838;723.963
97.66261559;7.475051647;724.719
95.69080153;7.170256955;725.475
90.91265344;7.09197653;726.232
95.8000855;7.106947234;726.988
91.38970574;7.023059875;727.745
91.57109461;6.891064058;728.501
96.34936076;6.981238498;729.257
91.32262844;7.410820087;730.014
96.57698378;7.407942033;730.77
93.24641212;7.084082049;731.527
90.02085668;6.687060641;732.283
90.50557171;6.77968948;733.041
92.53863005;7.206560185;733.797
90.1932139;6.785434367;734.554
92.08227368;6.936345395;735.31
93.47853471;7.083729911;736.067
89.8463525;6.819586375;736.823
92.25740703;6.895823996;737.579
90.39325492;7.358774462;738.336
89.88937851;6.983952827;739.093
89.49454701;6.95370074;739.849
90.60512653;7.042281563;740.605
89.43505915;6.991550961;741.361
89.80655636;6.825628369;742.117
97.67327989;7.608729879;742.874
87.1849042;7.153702471;743.631
90.13496877;7.159371283;744.387
91.68310456;7.352835168;745.143
90.96284575;6.876133833;745.9
91.11099008;7.358264591;746.656
87.26352062;7.046772474;747.412
87.76807251;6.624010617;748.169
91.28860912;7.048763378;748.925
84.96695084;6.447670559;749.683
90.47002817;7.016332894;750.44
88.20316418;6.715450668;751.196
88.42463623;7.096105767;751.952
86.59796242;6.620216599;752.708
91.55279961;7.188785437;753.465
90.2115292;7.146637272;754.221
92.03518779;7.214759859;754.977
88.65728475;6.847382077;755.735
85.42462814;6.924749971;756.492
85.01532231;7.011823925;757.248
90.98030245;6.799506244;757.874
86.38347509;6.937764208;758.761
91.15722739;6.893228955;759.517
81.08674725;6.866383704;760.274
89.16124927;6.774929303;761.03
89.49160241;6.981237897;761.786
87.96274956;6.96880196;762.543
86.19323802;6.898193822;763.3
86.61753981;7.229846219;764.056
84.32101672;6.992215102;764.813
89.04660874;7.353903574;765.57
86.49847;6.698716936;766.327
84.30535093;7.068541663;767.083
80.98475261;6.921432322;767.839
89.22963959;6.992144455;768.596
84.16921304;7.067858594;769.353
87.49808474;7.353102363;770.109
87.4469723;7.153600802;770.865
86.96937208;7.2674696;771.622
84.90653199;6.919725475;772.378
84.45435798;6.889890981;773.134
88.61187425;6.946694551;773.891
85.73674707;7.326759485;774.647
83.43574731;6.761266879;775.403
83.41733479;7.028571752;776.159
76.99076687;6.887976766;776.916
81.80577959;7.006506929;777.672
76.65765969;6.706985825;778.428
84.3339014;7.252923418;779.184
79.95115776;6.61938095;779.941
83.10457263;6.788625471;780.697
84.84063059;6.685538738;781.453
83.49956912;6.859170933;782.21
82.58380037;7.009373999;782.966
80.85835032;6.815766781;783.723
82.31990276;7.463444738;784.479
84.06023858;7.122953266;785.235
83.73879487;7.030595455;785.992
85.34146003;6.802507208;786.749
78.32541879;6.997010133;787.505
79.86053001;7.03738707;788.262
84.7626194;7.192388626;789.018
84.97334475;7.235244032;789.774
85.32643872;7.229820324;790.531
76.58301908;7.007326556;791.287
77.84774598;7.030537535;792.043
80.36514992;7.19394972;792.8
78.60543985;6.649533385;793.557
80.82094626;6.751007061;794.313
77.86352279;6.802478109;795.07
79.6611272;6.736317655;795.827
78.9767994;6.796798719;796.583
80.41871732;6.94135519;797.342
79.98255015;6.902293585;798.098
79.68864025;7.103415399;798.854
76.98333235;6.822168619;799.61
74.84231868;7.060631851;800.367
77.53212927;6.912428899;801.123
81.08207975;7.069978464;801.879
77.5537577;6.983046345;802.636
81.88305494;6.799318666;803.393
76.30752992;6.828658947;804.149
76.69614233;6.545400853;804.905
77.8194968;7.114652274;805.662
77.78776921;7.101088569;806.418
76.60588697;7.020843988;807.175
75.03110921;6.825289617;807.931
76.00372921;6.860591046;808.687
73.31680737;7.116645556;809.445
81.68800165;6.883828471;810.201
75.18228319;6.812978391;810.827
79.46975192;7.024417115;811.714
74.36639527;6.957114956;812.47
76.64356103;6.939162294;813.227
77.97486313;6.855538785;813.983
77.98421059;6.987819906;814.74
77.61284615;7.646047251;815.497
75.79121221;6.908321224;816.253
76.65802577;7.160197556;817.009
74.66065609;7.350611574;817.765
71.27641399;6.867643941;818.523
74.31110747;6.877948963;819.279
77.64403118;7.004003794;820.036
75.88134634;7.128345238;820.792
77.18198087;7.150540147;821.548
74.98083174;6.731559066;822.305
73.12751236;6.82950739;823.061
75.27317517;7.009937336;823.817
73.72926275;7.102423332;824.574
74.65207492;6.75087868;825.33
71.45419007;6.656559789;826.086
74.45410752;6.979922078;826.843
73.7803239;6.975225484;827.599
73.79703308;7.466871639;828.355
70.96029507;6.825760053;829.113
78.27513659;6.84987537;829.87
71.32802703;6.877759282;830.627
70.79319074;6.696340171;831.383
67.15609412;6.708069732;832.14
71.81705595;6.990106233;832.896
77.50366614;7.063239509;833.652
68.56998362;6.902946471;834.408
73.17916963;6.785896303;835.165
70.78286571;7.052149332;835.921
74.99232158;7.210174554;836.678
71.58285159;7.08262854;837.303
77.25426404;7.329991823;838.19
71.54329252;7.066000058;838.947
70.177179;6.485714138;839.703
71.02780459;7.216615924;840.459
76.62385193;6.901936212;841.215
71.82394184;6.835796148;841.972
73.73837345;7.420842476;842.728
68.34782806;6.779686322;843.485
71.4192832;7.240062524;844.241
72.21272532;6.761364891;844.998
75.74160474;7.128872851;845.755
70.27955964;6.731208839;846.512
69.93102731;7.025757597;847.27
73.90436325;7.027415826;848.026
70.12035119;6.924759235;848.783
65.4235203;7.073302786;849.539
68.0109504;7.087866733;850.296
75.04060187;6.882796651;851.052
65.66087534;6.847851766;851.808
72.72597082;7.054699357;852.564
68.65447766;6.952364393;853.321
70.11558166;7.255940548;854.077
66.85845371;6.720639244;854.833
73.85568934;7.04588288;855.59
69.32130648;7.170005936;856.347
66.59242965;7.199318822;857.103
69.99205453;7.158159325;857.859
71.01410583;7.02542369;858.615
65.98723311;6.54058802;859.373
73.66499823;7.079869551;860.129
69.42423069;6.940625264;860.886
67.45825552;6.959750053;861.642
64.06847829;6.961776268;862.398
67.04654619;6.901495649;863.155
70.25345864;7.14976438;863.78
67.43058956;7.323349751;864.668
69.07702465;7.163400531;865.425
67.26185384;6.741890006;866.181
68.97880614;6.899983071;866.937
70.92100315;6.676761929;867.695
64.74431919;6.590064029;868.451
64.55600798;7.054288683;869.208
65.41211657;7.284529657;869.966
69.77301086;7.269140406;870.722
65.3189484;6.998738472;871.478
70.1519211;7.228410332;872.235
68.57798245;6.913766083;872.992
68.40298574;6.894167306;873.749
69.19242154;7.252525059;874.505
65.87828415;6.806894982;875.261
68.88213216;7.566486504;876.018
68.07544084;6.752313086;876.774
67.33475063;6.96312277;877.531
61.7838134;6.595676927;878.29
69.82217614;6.843075791;879.046
64.33539513;6.753663943;879.803
64.07709697;6.919803138;880.559
69.08859874;7.168836401;881.315
65.40688234;6.903109862;882.072
65.69249015;7.260668779;882.828
66.34657962;7.251594899;883.585
68.01564092;7.214930849;884.342
66.97215816;7.078628713;885.098
65.29857735;6.79735477;885.854
65.74338041;7.088915569;886.61
64.86078609;7.220322138;887.367
63.82252147;6.8267012;888.123
63.15493732;6.861914765;888.88
62.56022391;6.823804172;889.636
61.13745738;6.752235667;890.392
64.83135856;7.074497083;891.148
63.02989549;6.815036778;891.905
64.53102098;6.828769453;892.662
65.61481238;6.557821033;893.418
61.53631527;6.747223188;894.174
62.0701154;7.287353946;894.931
61.99434278;6.903646295;895.687
61.04886439;6.584350479;896.443
65.37881154;7.249015299;897.2
61.27263428;6.741265973;897.956
64.8936533;6.759653918;898.712
62.69716236;7.120352441;899.469
58.20810095;7.177376506;900.225
62.07716641;7.295182067;900.983
63.72480215;6.798289581;901.739
59.72309378;6.642941042;902.496
64.55649476;7.01971912;903.252
60.31890439;6.761068902;904.008
62.59362267;6.815503529;904.765
63.67256824;7.000481159;905.521
59.3705896;6.490800459;906.277
62.53908896;7.222993818;906.902
63.18278026;7.27723388;907.79
62.97051969;7.264681739;908.546
64.01703128;7.0488515;909.302
64.41121499;6.875868427;910.059
59.346486;6.819199367;910.815
58.06548705;7.179065822;911.571
62.23032896;7.004946222;912.328
58.83188688;6.754935164;913.084
60.25555015;6.827491321;913.841
60.88606685;6.766002222;914.597
59.18681296;6.891742011;915.354
63.42466461;7.055978619;916.11
56.8141754;6.876351412;916.867
59.39458433;6.301390632;917.623
60.58019957;7.010969945;918.379
61.42473621;6.898843434;919.136
59.53869321;6.780907474;919.892
59.13937239;6.70234356;920.649
59.7819972;6.981989325;921.405
60.85667201;7.146706188;922.162
60.81840967;7.003085678;922.919
61.05917857;7.2558019;923.675
59.57808383;7.067928143;924.432
59.81277725;7.219279205;925.189
61.42608048;7.473997644;925.945
58.50366992;6.902106219;926.704
58.55253635;7.149092642;927.46
61.0746296;7.273557957;928.216
60.29577221;6.966811234;928.973
56.34231946;6.77231191;929.73
59.90932239;6.891082162;930.486
57.39415407;7.051308729;931.243
59.11192529;6.948808339;931.999
57.01634278;7.058594846;932.756
57.54340741;6.678302707;933.512
58.4808348;6.815034935;934.269
57.38304117;7.131068691;935.025
59.5819889;6.619258048;935.783
55.88230144;7.318740668;936.539
55.38379119;6.819187505;937.296
54.27516738;6.888243764;938.052
56.94667509;7.164678293;938.809
56.89353153;6.719309057;939.565
53.42018422;6.869064837;940.321
54.36589852;6.934046691;941.078
60.50283345;7.404810226;941.834
55.41612283;6.583825991;942.591
57.56475251;7.177449842;943.347
56.87090521;6.831664856;944.103
56.30745495;7.11379391;944.86
59.33121596;7.029111834;945.616
57.57440588;6.794616031;946.372
55.74416235;7.230728366;947.13
55.02683208;7.084993539;947.886
60.32623853;7.234450857;948.642
56.78427607;6.713759709;949.399
59.42002901;7.023365186;950.155
57.45607376;6.750025378;950.912
57.12936506;6.842591908;951.67
59.67848363;7.11124132;952.426
53.5591288;7.094854681;953.182
58.2591555;6.988989672;953.938
58.87757839;6.913169911;954.695
58.41059519;7.423726766;955.452
56.49764047;6.934590521;956.208
55.55359474;7.502277603;956.965
52.77475377;6.495935624;957.721
52.62390324;6.995757024;958.478
60.59793678;6.971221791;959.234
55.54281368;6.896577874;959.99
52.52265052;6.701884106;960.747
59.8577064;6.713128617;961.503
56.3732067;6.73147482;962.261
54.36821343;6.958234165;963.017
54.58929798;7.10425772;963.773
50.52676522;6.646857544;964.529
54.19091368;6.861824189;965.286
55.22233395;7.168780215;966.042
55.91607109;6.575486576;966.799
54.64022017;7.099763155;967.555
49.40320753;6.815713237;968.314
54.58146992;7.058586628;969.071
52.96285972;7.010655044;969.827
54.32266011;7.29768403;970.583
50.9767211;6.904076593;971.34
51.75218657;7.007454588;972.097
58.80304585;7.52405747;972.853
55.93160919;6.849220512;973.609
51.8628256;6.970116556;974.365
56.37269213;7.133271354;975.122
53.26700009;6.602615109;975.878
52.81801816;7.167706075;976.634
56.66515001;6.964313803;977.391
54.97694498;7.15891735;978.147
54.08224228;6.883542007;978.903
52.03242595;6.869105639;979.659
55.14836183;6.783058364;980.415
53.79710105;6.851960472;981.172
55.0539749;7.047900606;981.928
51.91942184;7.073094394;982.685
55.15775765;6.78367767;983.443
55.06882294;6.917511737;984.2
52.48346916;6.99525235;984.956
53.44722952;6.798097787;985.713
55.13913126;7.141608007;986.469
54.42319317;6.744917504;987.225
52.56470686;6.999583106;987.982
51.30806139;6.869515262;988.738
54.97982713;6.982634947;989.494
53.06355094;6.806193825;990.251
51.79191007;7.284201197;991.007
49.28300823;6.776951447;991.763
51.66035428;7.18573666;992.519
49.21621602;6.412885396;993.276
52.68092734;6.767921267;994.032
49.9843291;7.102549901;994.791
49.46909275;6.723637501;995.547
53.14532271;6.915013022;996.303
50.01205577;7.405666645;997.06
49.62375581;6.875027788;997.816
52.84037964;6.821455418;998.573
51.93499961;6.898678666;999.329
57.19201122;7.151924882;1000.085
53.25037441;7.623570586;1000.842
51.4832957;7.086117453;1001.598
47.63614153;6.864467485;1002.354
50.80434302;6.854653367;1003.111
50.86419217;6.83563942;1003.867
48.78220111;6.643596846;1004.623
50.01695685;6.913920292;1005.379
47.72745611;7.232245674;1006.136
50.43332252;7.217030344;1006.892
52.90730293;6.73427144;1007.648
51.84404947;7.486318023;1008.404
48.66210086;6.926492245;1009.161
50.69952486;7.214598504;1009.917
50.72378599;6.957698472;1010.673
51.43015046;7.078929807;1011.43
49.29101163;6.992473453;1012.186
49.63858525;7.313930572;1012.942
50.30539307;6.883315388;1013.698
48.52466545;6.669558827;1014.455
48.06029523;6.688089126;1015.212
48.8453286;7.051715225;1015.969
47.19557155;6.870284437;1016.725
50.56915173;6.949106883;1017.481
49.88085289;7.087153429;1018.238
50.09316706;6.59004722;1018.994
48.39382454;6.800873415;1019.75
48.80460536;6.736639841;1020.507
45.22238662;6.730709522;1021.263
47.69817125;6.729982136;1022.019
48.31373283;6.964477359;1022.775
52.52616523;7.226305358;1023.533
49.25477602;7.161233356;1024.292
48.94380516;6.612372039;1025.048
46.95575743;6.89386728;1025.804
49.81845753;7.331316351;1026.56
48.2281366;6.712949665;1027.317
49.49315;7.041842674;1028.073
48.65313964;6.845547064;1028.829
48.80165926;7.457732226;1029.455
48.19432204;6.966563051;1030.342
46.22516082;6.772832314;1031.098
48.80988833;7.144810778;1031.855
43.92530719;6.921396639;1032.612
50.39177225;7.043466743;1033.368
46.31876967;6.838651418;1034.125
45.73770004;6.659643207;1034.881
46.87430474;6.94038775;1035.637
48.02286647;7.142886116;1036.394
49.44973433;7.109370842;1037.151
47.97053581;6.608494041;1037.907
51.96208286;6.963190273;1038.663
50.28819175;6.737899697;1039.42
48.54390494;6.907287092;1040.176
46.61187811;6.692465252;1040.934
47.00797076;6.838880693;1041.69
46.01287281;6.965636664;1042.447
45.31149356;7.091800322;1043.203
44.98677718;6.930040328;1043.959
45.9302269;7.125588239;1044.715
47.25120715;7.061411635;1045.472
47.43075069;7.069689737;1046.228
48.2458921;6.80323121;1046.985
46.96708752;7.09462166;1047.741
47.46795765;6.435920957;1048.498
45.37710586;6.702517098;1049.255
45.99128862;6.806076608;1050.011
44.5884302;6.899628291;1050.767
45.01093926;6.969070974;1051.523
43.32566754;6.858392191;1052.28
45.68855103;6.955993732;1053.036
47.17595011;6.763056028;1053.792
46.1765721;7.107934371;1054.55
45.1758694;6.721124414;1055.306
45.7614067;6.58800721;1055.931
47.63234366;6.760589582;1056.819
47.29819693;7.105059443;1057.575
43.14254386;7.144128653;1058.332
44.58359069;6.532792567;1059.088
46.0749729;7.263001052;1059.844
43.24501299;6.9705254;1060.601
47.49560109;7.392681394;1061.357
44.28359434;6.655417059;1062.113
46.17107738;7.26948673;1062.87
45.15049682;6.883708187;1063.626
45.30463228;6.931497201;1064.383
42.57189276;7.218366751;1065.139
41.50725765;6.937579769;1065.895
46.86647663;6.920379924;1066.652
44.65785528;6.91845295;1067.408
42.59079982;6.616274024;1068.165
42.70153169;6.771881572;1068.921
43.65447555;6.52679;1069.677
44.83294371;6.540146079;1070.433
46.81407499;7.144175656;1071.19
45.03625968;7.518046909;1071.946
42.72618217;6.844898886;1072.703
40.84713382;6.318614904;1073.459
45.96879566;7.109399257;1074.215
42.89237451;6.727841518;1074.971
45.33880557;7.311620294;1075.728
43.61410794;7.156030706;1076.484
42.42647636;6.869247297;1077.242
41.32842976;6.683761539;1077.998
46.22883727;7.031067745;1078.754
44.90807159;6.918101906;1079.511
44.24721331;7.082276521;1080.268
45.17611317;7.158873122;1081.025
44.33184105;6.811117865;1081.783
43.2718694;6.788856811;1082.408
46.3196606;7.050575676;1083.295
43.55854498;6.456921321;1084.052
45.61035849;7.034987057;1084.808
45.6411056;7.164953836;1085.565
45.13285156;7.097355852;1086.321
42.07854851;6.771345439;1087.077
42.87893029;6.97615278;1087.834
45.71881092;6.620807917;1088.59
46.83556577;7.31438699;1089.346
44.52048303;6.865310645;1090.102
44.79613254;6.833648874;1090.859
43.3674366;6.913609642;1091.615
42.45571631;6.734289035;1092.371
44.40993758;6.963310787;1093.128
43.48100029;6.956931082;1093.884
42.2373015;6.945711044;1094.641
45.9116818;7.255986797;1095.397
47.2901484;6.622397773;1096.153
45.25813409;6.975744668;1096.909
45.80788545;7.279672279;1097.666
43.06610764;6.846213004;1098.422
44.80623311;6.911599338;1099.178
42.5689189;6.656559338;1099.935
41.27894437;6.809265572;1100.691
44.60855199;6.705251786;1101.447
43.88628279;7.5531712;1102.205
44.48593553;6.875028864;1102.962
41.76927887;7.012087359;1103.718
42.41118792;7.219039046;1104.474
42.56776258;6.763568155;1105.231
39.80432587;6.723599582;1105.987
42.76749489;7.378404071;1106.744
41.95266395;7.13286481;1107.5
42.80588013;6.952574731;1108.256
43.18857644;7.020010285;1109.013
43.54803684;7.117853836;1109.77
45.11471956;7.14799194;1110.526
41.4058509;6.773090656;1111.283
43.06811736;6.800382132;1112.039
44.57603503;6.796185703;1112.795
42.6487051;6.777378605;1113.552
43.94110772;7.159870747;1114.309
39.12088273;7.159789564;1115.065
41.71273411;7.137852075;1115.821
44.23696553;6.933840568;1116.578
42.82759873;6.763963329;1117.334
42.57682107;7.084107395;1118.091
41.32759803;7.200028403;1118.847
42.54378222;7.155466078;1119.603
45.727337;6.991293971;1120.362
42.03256507;6.835467699;1121.118
42.40143725;7.129617789;1121.874
42.01106624;6.738405355;1122.631
42.57542746;6.725725699;1123.387
43.49509642;7.111336561;1124.143
41.70626927;6.840788814;1124.9
44.65109828;6.849519554;1125.656
42.44602464;6.689015937;1126.413
41.54066502;7.058068726;1127.171
42.14172435;7.311433277;1127.93
45.21707595;7.044297978;1128.686
41.79345257;6.950876774;1129.443
42.65776027;6.883601318;1130.199
41.22268987;6.602175026;1130.955
40.38893134;6.993754086;1131.712
43.90105931;7.431475779;1132.468
38.82399141;6.824670572;1133.225
43.79966433;7.093818268;1133.982
42.10199557;7.151036198;1134.738
44.36439836;6.700466489;1135.494
45.62816479;7.46682003;1136.251
43.46468242;6.98851215;1137.007
40.26825726;6.818210382;1137.764
42.93307144;6.815449586;1138.52
42.52311218;6.974520112;1139.277
41.81975967;7.170345199;1140.033
44.23649488;7.123500842;1140.79
41.57606099;6.880274885;1141.547
40.38656019;7.176851737;1142.303
41.70272866;7.394331729;1143.059
41.05337697;6.901252174;1143.815
42.37938697;7.22591931;1144.572
37.46397012;6.340056292;1145.328
41.09205198;6.99828876;1146.084
37.64994038;6.708995032;1146.841
40.22219914;7.005212013;1147.597
42.73793218;7.037232198;1148.353
42.53307905;7.125639712;1149.109
39.46593204;6.470863686;1149.865
42.94731205;6.962332674;1150.622
39.75165888;6.717584091;1151.378
39.84008236;7.107249254;1152.134
38.31648934;6.85358066;1152.891
41.97071047;7.277259388;1153.647
39.25484587;6.759402613;1154.403
40.70663214;7.010378653;1155.161
41.63370626;6.637426371;1155.918
40.439215;7.132284331;1156.674
39.16715504;6.444746175;1157.43
42.69991462;6.99958177;1158.186
43.19694309;6.962438296;1158.943
42.38004445;6.797383799;1159.699
42.1527219;7.14611648;1160.455
41.00431884;6.833935324;1161.211
40.75572506;7.068071816;1161.967
39.49312603;6.816230679;1162.724
41.19885091;6.85024816;1163.48
40.88700407;6.9145887;1164.237
38.25300754;6.840289666;1164.993
39.77882115;6.784508623;1165.75
39.69482596;6.766590891;1166.506
38.80498915;6.908004378;1167.263
39.81344225;6.910416979;1168.019
39.37322778;6.922437145;1168.775
39.03450938;7.132052013;1169.532
42.07857965;6.859973569;1170.29
40.91251078;7.042776455;1171.046
40.002296;6.756902999;1171.802
38.38284408;6.990485972;1172.559
39.83739324;6.668129479;1173.315
40.27658189;7.043309297;1174.071
38.47342166;6.832102897;1174.827
37.16788501;6.762554331;1175.584
40.30924298;6.976566651;1176.34
38.75422292;7.186706914;1177.097
38.96384637;6.880440508;1177.853
40.52734234;7.097805806;1178.609
39.69720674;7.031411555;1179.365
37.17339521;6.738109716;1180.122
40.79468347;6.955014486;1180.878
37.47881424;7.13728058;1181.634
37.65995154;7.015977701;1182.391
39.18273961;6.62158564;1183.147
41.17241176;7.171470497;1183.904
38.93023332;6.609897975;1184.66
37.7839103;6.767486592;1185.416
37.28905596;6.717388165;1186.172
38.21191028;6.855537707;1186.928
40.12953652;7.355179574;1187.685
38.74537895;6.866864762;1188.442
40.1529276;7.261031685;1189.198
40.33147812;6.83574351;1189.955
37.90299919;6.842594799;1190.711
40.05932134;6.924833139;1191.467
41.99057577;7.010156813;1192.223
37.26613778;6.919478438;1192.98
40.84673451;6.978637211;1193.737
38.25366536;6.744110836;1194.493
40.86730091;7.409426251;1195.249
39.7165738;7.111140972;1196.005
39.31008733;6.825769972;1196.762
37.06113455;6.893268623;1197.519
38.78859694;7.064906184;1198.144
39.73457694;6.592945629;1199.032
38.95281667;6.930636562;1199.79
40.73381903;7.263798345;1200.546
38.56458997;6.762130891;1201.303
38.88266071;7.142246645;1202.059
37.74908695;6.870869961;1202.815
37.9186979;7.033849417;1203.571
38.80623991;6.853621771;1204.329
38.06074539;7.053677418;1205.085
38.37746466;6.837595416;1205.842
38.51041468;6.828873535;1206.598
35.76504954;6.759561457;1207.355
37.30116038;6.896576588;1208.111
37.88813646;6.614945152;1208.867
38.09594578;6.968777501;1209.624
36.29612659;6.960725644;1210.38
35.90330393;7.224972269;1211.136
34.59496891;7.101798292;1211.893
39.43804718;6.952323448;1212.649
36.36998989;7.146096524;1213.405
38.37010742;6.931796087;1214.162
37.09825147;6.673763245;1214.918
36.66791692;6.62182178;1215.675
35.95435571;6.779100039;1216.431
37.81727623;6.795291587;1217.188
38.5118055;7.193634587;1217.944
36.94586968;6.829710472;1218.7
39.71954071;7.170174238;1219.457
36.49796426;7.137822956;1220.213
35.02787129;6.866073816;1220.969
35.91490502;7.225183368;1221.726
36.82293165;6.988138863;1222.482
35.96689148;6.898423462;1223.238
36.54327984;6.649621135;1223.994
39.2097519;7.080825271;1224.751
39.19550777;7.198808037;1225.508
37.09620962;7.002215375;1226.264
36.58624122;6.877775647;1227.02
37.10662491;6.772065147;1227.777
35.01700181;6.757246994;1228.533
39.12647023;6.891860968;1229.292
37.19970901;7.294411229;1230.048
35.88446029;7.071776263;1230.805
38.47629744;7.230179659;1231.561
36.52729564;7.154894717;1232.318
35.22861028;7.209536546;1233.075
35.34859177;7.068091341;1233.832
38.71030429;7.026447855;1234.589
36.78322284;6.714872571;1235.345
33.54863601;6.798990471;1236.102
38.28223739;6.88881846;1236.858
36.26373164;7.113704728;1237.614
33.32079376;7.032706776;1238.37
35.42648252;7.152200956;1239.127
34.15635642;6.824024286;1239.883
39.2146905;6.922422567;1240.641
34.01440478;6.923434485;1241.397
36.7285598;6.666693263;1242.153
38.38201236;7.163809136;1242.91
36.11743352;7.044079202;1243.667
34.6341026;6.695930377;1244.423
32.87939836;6.593759644;1245.179
36.34054285;6.988290455;1245.936
33.12545115;6.595589484;1246.692
37.1296607;6.814382541;1247.448
34.83737062;7.027173103;1248.205
35.22230491;7.086539612;1248.961
34.50033625;6.750135892;1249.717
34.12889603;6.616792974;1250.473
32.89189827;7.052476132;1251.23
34.59882768;7.113382558;1251.986
34.32348326;6.815859374;1252.743
34.23745723;6.850005173;1253.5
33.72715776;6.673916803;1254.256
33.0251821;6.927762128;1255.012
35.89709662;6.598281378;1255.769
36.82652695;6.935149849;1256.525
34.55681327;7.151138056;1257.282
31.61219181;7.120130556;1258.038
38.77274829;6.484023562;1258.795
32.92310179;6.913500329;1259.551
37.75255006;7.3442771;1260.308
34.56551204;7.072454283;1261.064
33.1589775;7.407597903;1261.821
35.95889772;7.089145983;1262.577
34.48300689;6.99477951;1263.333
36.56339433;7.027527252;1264.09
33.55246063;7.0580519;1264.846
31.30461202;6.887152024;1265.602
32.97074034;6.629528651;1266.359
33.44867199;7.076470218;1267.115
34.67217775;7.085168814;1267.871
33.68613482;6.859528123;1268.628
34.78471762;7.467357672;1269.384
32.04148676;6.608946179;1270.141
34.39822881;6.980652264;1270.897
33.88660864;6.846045759;1271.654
33.55137547;7.167969107;1272.41
36.17559491;7.198226906;1273.167
33.72332464;6.760588894;1273.923
33.67511578;6.731388586;1274.68
34.44686251;7.09053546;1275.436
34.60347323;7.081721942;1276.193
34.31151162;7.0031683;1276.949
33.23809091;6.495000289;1277.574
32.39229876;6.611838408;1278.462
33.48059608;6.770318784;1279.218
33.66576834;6.861051912;1279.975
29.13633085;6.213575425;1280.732
34.41326895;6.889210248;1281.488
35.18164451;6.911331126;1282.245
34.022397;6.785428812;1283.001
32.73426974;6.795678208;1283.758
34.23104675;7.202005603;1284.514
34.35769054;7.196719884;1285.27
34.80631234;6.873093027;1286.027
31.12465937;7.08868999;1286.783
32.76052159;6.993063062;1287.539
30.75374713;7.014887265;1288.296
30.67271902;6.866810564;1289.052
33.60374525;7.333961702;1289.808
35.11178837;6.768912819;1290.564
33.26106964;6.854936982;1291.32
32.23130142;6.996056773;1292.077
32.50419366;6.783001895;1292.833
31.67726262;6.996959413;1293.592
33.82526486;6.826111384;1294.349
34.32122056;6.701144652;1295.105
33.24235616;7.375427421;1295.861
31.5879495;7.184451169;1296.618
32.90849194;6.918805804;1297.374
33.03198268;6.854935527;1298.13
33.13985165;7.012250101;1298.887
32.75674986;6.666691063;1299.643
32.85719541;6.6313346;1300.399
32.64081814;7.005700233;1301.155
35.71903907;7.155544363;1301.912
32.79534082;7.114299733;1302.669
32.53325481;6.997344768;1303.425
32.74751733;6.8885264;1304.05
31.39693551;6.930678632;1304.938
31.88380577;6.831535525;1305.694
31.46074093;7.053124893;1306.451
31.06838609;6.75792156;1307.208
32.35936286;6.96033905;1307.964
33.92946651;6.96687225;1308.721
30.28443699;6.493746176;1309.477
34.13383784;6.84305287;1310.233
31.15563723;7.331248398;1310.99
34.21392341;7.172014019;1311.746
31.82431624;6.745307456;1312.502
31.56382887;6.700291507;1313.259
36.09240541;7.341174681;1314.015
30.53271864;6.301159861;1314.772
31.20294667;6.645214194;1315.528
31.52038475;6.969856934;1316.285
29.19855042;6.767358502;1317.042
33.36487566;6.672493048;1317.798
31.73943644;7.267473217;1318.554
31.76669187;6.941667479;1319.311
32.05482171;6.713930416;1320.067
32.66942842;6.736316975;1320.823
31.83464909;7.032549057;1321.58
31.80510135;6.905956238;1322.337
31.37865978;6.826399495;1323.093
34.04056645;7.073956085;1323.849
33.69617681;6.900327654;1324.605
33.27631858;6.564149173;1325.362
31.50145722;6.656345229;1326.119
31.18968792;6.714857235;1326.875
30.24147293;6.802601306;1327.631
31.95785082;6.836628257;1328.388
30.68845273;6.929466313;1329.144
30.64219718;6.793717464;1329.901
29.35185678;7.014304014;1330.657
30.75777966;6.894301814;1331.414
34.51130327;6.96576327;1332.171
31.79588924;7.379683385;1332.927
31.81270523;7.290004161;1333.684
33.14800274;7.047127209;1334.44
32.77637435;6.567917496;1335.197
32.17353887;6.96321784;1335.953
31.0957467;6.606782861;1336.71
31.88776577;7.216066055;1337.466
30.55865741;6.690229075;1338.222
30.94862052;6.697856476;1338.979
31.91928809;6.815667132;1339.736
32.40463876;7.196046675;1340.492
30.99831475;7.088855436;1341.25
30.42810636;6.740095943;1342.006
27.40924588;6.733386963;1342.762
31.64104136;6.742482635;1343.519
31.3357397;6.428893184;1344.275
32.87018633;7.098264142;1345.032
31.55372386;7.301900862;1345.79
32.0399109;6.951852571;1346.546
29.97497108;6.967456597;1347.302
31.33960953;6.837294964;1348.059
28.83870474;7.103080276;1348.815
28.59156797;6.513709847;1349.572
29.61097964;6.870188279;1350.33
30.66928507;6.967023045;1351.086
29.25055645;6.977493301;1351.842
30.40791139;7.133811108;1352.6
31.48297454;6.792146986;1353.356
28.79390921;6.581110471;1354.113
31.66764897;6.559440688;1354.869
30.93486869;6.884428939;1355.626
30.03157611;6.775056655;1356.382
29.9266549;7.161596809;1357.138
28.11955838;7.078584213;1357.895
32.54260606;6.930546427;1358.651
29.41237713;6.893701127;1359.407
30.53142372;6.658157906;1360.164
31.22895842;7.070953799;1360.92
31.28093975;7.046383858;1361.677
28.94098337;6.716313841;1362.433
29.58273208;6.636430614;1363.19
28.93671515;7.04899292;1363.946
36.68363987;7.402216479;1364.703
28.4908127;6.760096114;1365.46
32.33515483;6.911289502;1366.216
30.14623704;6.852442509;1366.973
28.40136126;7.326182535;1367.729
30.7350835;6.869021025;1368.486
29.46241432;6.698850765;1369.242
30.28115003;7.299939336;1369.998
30.46321693;6.853809977;1370.756
29.8587203;6.852041059;1371.512
29.21774002;6.689502896;1372.269
32.56914224;6.936310215;1373.025
29.93552243;6.900941954;1373.65
28.67501144;6.476533445;1374.537
31.1606292;6.792148831;1375.294
28.38247171;6.838423736;1376.05
28.7095834;6.69028967;1376.806
33.39378897;7.298519823;1377.563
30.89755865;7.010338304;1378.32
31.30147383;6.914089587;1379.077
29.74634372;6.751316558;1379.833
28.60467327;6.456543432;1380.59
30.08856017;6.819385718;1381.347
27.84200258;6.759203806;1382.103
28.66350261;6.701057369;1382.859
28.92087969;6.97859983;1383.616
27.42289096;6.844166181;1384.372
28.33738154;6.94917805;1385.129
28.27980183;6.892682395;1385.885
29.95057969;6.41977645;1386.642
28.93696838;6.9254389;1387.398
31.37109772;6.705644714;1388.155
30.14579491;6.487682568;1388.911
26.49750829;6.642822207;1389.668
28.92639986;6.843720837;1390.425
28.0653222;7.080027792;1391.182
30.78040608;7.242490894;1391.938
27.43173014;6.736552974;1392.694
30.47792899;7.022327892;1393.45
29.5531586;6.912838638;1394.207
27.36957726;7.041159807;1394.963
30.56006513;7.068315986;1395.719
30.79752173;7.297833774;1396.476
30.07426074;6.779688835;1397.232
29.05946814;7.095503624;1397.988
28.45832161;7.411689297;1398.745
28.57339058;6.6986325;1399.501
26.6875367;6.823760395;1400.126
29.15181299;7.133475637;1401.014
28.68446555;7.159067558;1401.771
29.71185039;7.012729759;1402.527
28.36637795;7.020207676;1403.285
27.37049236;6.806995936;1404.041
27.01533457;7.088855514;1404.799
28.32075089;7.197855991;1405.555
29.97322696;6.980489824;1406.313
27.74517782;6.714497749;1407.07
28.15976572;7.241408114;1407.827
30.35347675;6.994635815;1408.583
26.99047551;6.886861849;1409.341
28.51904865;7.098630599;1410.097
26.54267616;6.742929014;1410.853
29.15439562;7.049280549;1411.609
27.93618951;7.018111237;1412.366
29.76030364;7.290938614;1413.122
27.81113703;6.955785702;1413.879
26.14236725;7.294361773;1414.635
27.1517636;6.808166211;1415.393
26.74799016;6.893319315;1416.149
29.42526613;7.158522966;1416.905
26.41771062;7.106918277;1417.662
27.07254463;7.000899514;1418.419
28.83869766;6.771364843;1419.175
26.13545563;6.781029593;1419.932
24.99891279;6.935370653;1420.688
28.43754999;6.633257548;1421.445
26.73526341;6.884638479;1422.201
27.89861184;7.318389985;1422.957
27.16202342;6.576866941;1423.714
28.2971234;6.791235092;1424.47
26.82340894;6.723659301;1425.227
27.61738881;6.997381182;1425.983
28.44765893;6.751562528;1426.742
30.2733855;7.064658714;1427.498
27.40817831;7.175199021;1428.254
28.54347205;7.073088247;1429.011
24.98019565;6.737854549;1429.767
27.46655165;6.541121229;1430.523
26.0486347;7.584682032;1431.28
25.66655271;7.134707186;1432.036
24.61352382;6.753386257;1432.792
26.10329699;6.579761258;1433.549
26.34843977;7.159068453;1434.305
26.76518489;7.144764557;1435.061
26.10244626;6.825216968;1435.817
26.54004663;6.766363599;1436.574
26.53058165;6.717886481;1437.33
28.16439759;7.11524045;1438.086
27.16896552;7.166038094;1438.842
25.99057267;6.8141109;1439.599
24.50854469;6.706766529;1440.355
28.19526803;6.814305302;1441.112
24.95763123;6.771543734;1441.869
26.93094387;7.028372512;1442.625
25.26363506;6.691014168;1443.382
28.34900014;6.746057349;1444.138
26.32822406;7.335420472;1444.895
26.32925636;6.792640553;1445.652
27.84580357;7.181972883;1446.408
24.47038303;6.760829924;1447.164
27.3476285;6.83882377;1447.921
28.12237775;7.294967895;1448.677
26.23327464;6.727218009;1449.433
27.43084025;6.53142087;1450.19
25.1273733;6.595398465;1450.946
25.6786097;6.721119957;1451.702
24.86419916;6.925147746;1452.459
25.24699404;7.060675892;1453.215
25.2616294;6.461695118;1453.972
25.50782175;6.764859061;1454.728
26.23839257;7.017111265;1455.485
27.37061185;7.326892502;1456.243
23.93273322;7.257171198;1457
25.41064315;6.829186244;1457.757
25.45570157;6.702519912;1458.513
25.49863036;6.71946369;1459.269
23.49175702;6.956550023;1459.895
23.90981702;6.937310297;1460.782
27.62545608;6.929339384;1461.539
25.53571838;7.43184691;1462.295
25.45205305;7.03414805;1463.052
26.92069481;6.899319785;1463.808
27.41769654;7.21453705;1464.564
24.89347716;6.766037694;1465.321
27.26100296;6.643832388;1466.077
25.50919249;6.711616707;1466.834
25.93712449;6.92104468;1467.59
27.12528379;7.092070155;1468.346
25.30849101;7.019690087;1469.103
23.69302702;6.848764877;1469.859
26.00012617;7.307380474;1470.615
24.98628385;6.9964789;1471.372
26.12057111;7.461052825;1472.13
26.97970561;7.196586262;1472.886
25.7380898;7.124568571;1473.642
22.90670389;6.766389644;1474.399
23.56939736;7.038339936;1475.155
26.61243694;6.792395568;1475.912
24.84766685;6.787454489;1476.669
24.86370058;7.093206178;1477.425
25.15246946;6.4134349;1478.181
26.56051409;7.125641655;1478.937
23.96062913;6.607477471;1479.695
25.59009828;6.816618963;1480.451
24.10916523;6.910090102;1481.207
24.07457077;6.92915945;1481.964
23.62323203;6.503816796;1482.72
23.52552468;6.58977007;1483.476
24.71521866;6.808254156;1484.232
23.14163441;7.097820218;1484.988
24.06865112;7.189312782;1485.745
24.97688977;7.064006377;1486.501
24.70622652;7.043807424;1487.258
23.07205547;6.619379838;1488.014
25.72704991;7.02292735;1488.77
24.5655476;6.754678541;1489.526
25.68008427;6.938448092;1490.283
25.87260174;7.081707841;1491.039
23.55684565;6.865159679;1491.795
23.91149842;7.155909296;1492.552
23.272124;7.293093947;1493.309
22.20519898;6.788378779;1494.065
25.17881753;6.806376122;1494.821
23.58031406;6.971198873;1495.577
22.96153622;6.802480335;1496.334
26.11213214;7.132738771;1497.091
24.4508976;6.787477297;1497.847
24.83653127;7.173157637;1498.603
24.54276671;6.841441824;1499.36
22.5669646;6.564492471;1500.116
23.96970565;7.104843183;1500.872
25.19567978;7.256543891;1501.629
24.02759593;6.769323911;1502.385
23.31268556;6.631926856;1503.142
22.56964863;6.842359834;1503.898
23.10482239;7.025625184;1504.654
23.63248688;6.842580914;1505.411
22.07980305;7.021304134;1506.167
22.43566677;6.890995799;1506.923
24.65368086;6.705652563;1507.68
24.08132345;7.222251585;1508.436
22.93566573;6.834558974;1509.192
22.64181113;6.78069934;1509.949
24.02079885;6.849099326;1510.705
21.51498613;6.887388333;1511.461
23.9784884;6.877738389;1512.217
22.50180388;7.105984543;1512.973
22.87011058;6.704467495;1513.73
23.0418255;6.836086147;1514.486
22.74183467;6.848561886;1515.243
21.97078658;6.717216912;1515.999
20.64096737;6.783727475;1516.755
21.79451012;6.847382077;1517.512
23.98919963;7.095311304;1518.269
23.26150913;6.895822322;1519.025
22.45324006;6.781288531;1519.781
22.62905405;6.604039706;1520.538
23.11919127;6.962382441;1521.294
22.7672226;7.074706706;1522.05
22.99129365;7.094772111;1522.807
23.26461431;6.769997307;1523.563
23.62005736;6.897326647;1524.319
22.23631912;6.271283125;1525.076
21.16929364;6.513784177;1525.833
23.05659392;6.513986935;1526.59
22.4980375;6.980828532;1527.347
23.14802401;6.652238659;1528.103
23.84895879;7.178712681;1528.859
22.58810837;6.756663845;1529.615
22.40123277;6.604119194;1530.372
22.45193828;7.192622682;1531.129
22.61136667;6.799847182;1531.885
21.62140686;6.756308369;1532.642
21.09258914;7.168753603;1533.398
19.98232774;6.65665302;1534.154
20.4316833;6.908878778;1534.91
22.6172041;7.07242645;1535.667
21.61722386;6.836034588;1536.423
21.3030148;6.937281354;1537.179
22.75976888;6.876142919;1537.936
21.56387037;6.990362453;1538.692
20.95479106;7.254845636;1539.448
21.24841199;6.820241661;1540.205
22.250356;6.997024802;1540.961
21.67886983;6.993463711;1541.717
23.03444637;6.893664336;1542.473
20.3753336;6.554076043;1543.23
21.3499238;7.125960755;1543.986
20.09748294;7.132894163;1544.743
20.55983612;6.80002523;1545.499
20.91249715;6.690979499;1546.255
21.85446202;6.775228618;1547.012
22.97602662;6.957873591;1547.769
21.24261676;6.627165634;1548.525
21.06624466;6.888345316;1549.284
19.5701702;6.563975454;1550.04
21.40469955;7.112421954;1550.797
21.49046269;7.044979024;1551.553
21.24836432;6.581147223;1552.31
22.39688406;6.966914607;1553.066
20.21278073;6.908639492;1553.822
21.9889695;6.87726553;1554.579
21.84498265;6.774783392;1555.335
21.74206311;7.306831811;1556.092
20.54679833;6.856546873;1556.848
21.15317995;7.09305184;1557.605
24.36598555;7.31258712;1558.361
21.07879741;7.137071313;1558.986
20.23802056;6.598834813;1559.874
20.28359103;6.905988199;1560.63
19.97319836;6.686567998;1561.386
22.18578994;6.462697743;1562.142
21.46932036;7.013699414;1562.9
20.66808685;6.685394381;1563.656
20.2997041;7.268691691;1564.412
21.07225654;6.391908954;1565.17
20.51239083;6.590432775;1565.927
20.47698884;6.877550783;1566.683
20.91226904;6.808082928;1567.439
19.53722835;6.698631361;1568.195
19.88780002;6.718224677;1568.952
21.12817219;6.505892887;1569.708
20.23280968;7.250247705;1570.464
19.63341285;6.701312502;1571.22
21.37561541;7.090935185;1571.977
19.71625896;7.076410912;1572.733
21.03946007;6.734002612;1573.489
22.20968965;6.906786097;1574.245
20.47043402;6.610120011;1575.002
20.42771317;6.936141364;1575.759
22.2119255;6.967710877;1576.515
22.32318931;6.695821319;1577.272
20.59446816;6.796728557;1578.028
21.19803511;6.92344172;1578.787
20.340489;6.679447399;1579.543
21.59092148;7.215914468;1580.299
21.35948803;7.025758196;1581.055
20.87465885;6.565771748;1581.814
19.98573303;6.985193933;1582.571
21.31858229;6.791068609;1583.327
23.04874281;6.906277223;1584.084
21.6193608;6.891738206;1584.84
20.93223453;6.860289705;1585.596
22.62707028;7.211006223;1586.353
19.16660974;6.544077768;1587.109
21.12106767;6.895044271;1587.866
19.41755109;7.048271087;1588.622
18.70830895;6.465579682;1589.378
20.11599076;6.681385153;1590.135
19.47580402;6.782523085;1590.891
21.17293009;7.134093662;1591.647
21.07203176;7.128163264;1592.403
19.15064927;6.804062519;1593.159
20.214752;6.832086616;1593.916
20.46359737;6.68685158;1594.672
19.29425409;6.72868043;1595.429
19.77320186;6.776631245;1596.185
19.39651744;6.866146991;1596.942
19.23295182;6.749813334;1597.698
19.57784434;6.569116376;1598.455
19.98261625;7.066215757;1599.211
21.59011054;6.937527362;1599.967
20.9563992;6.871487381;1600.723
19.59812364;6.888719595;1601.48
18.12104354;6.756778986;1602.236
20.24289515;7.023470953;1602.994
18.42778354;6.882459858;1603.75
20.14340644;6.943258231;1604.507
20.57223811;6.723089562;1605.263
19.54520094;7.605797731;1606.019
18.82882133;7.006591676;1606.775
