Concentration in g/m^3,Time in h
2.218362670897354e-05,0.00020666666666666666
7.115058864908359e-05,0.0004136111111111111
3.458023420558567e-05,0.0006205555555555555
5.643391239335592e-05,0.0008275
5.111411991615084e-05,0.0010344444444444446
5.8610121785312774e-05,0.0012413888888888889
6.813529757345616e-05,0.0014483333333333334
4.208321197867697e-05,0.0016552777777777777
7.037854288090868e-05,0.0018622222222222221
5.210233453165865e-05,0.0020691666666666666
8.428574835925427e-05,0.002276111111111111
5.5527066535930776e-05,0.0024830555555555556
4.723491461025359e-05,0.0026899999999999997
4.608653097019304e-05,0.0028969444444444446
5.861164460900628e-05,0.0031038888888888887
4.8262490474765775e-05,0.0033108333333333336
6.449447408545848e-05,0.0035177777777777777
6.185384062900875e-05,0.0037247222222222226
5.6067941874793007e-05,0.003931666666666667
6.645198544978932e-05,0.004138611111111111
8.9231447224311e-05,0.004345555555555556
3.384176480255131e-05,0.0045525
5.9257963627048055e-05,0.004759444444444445
5.940133317266431e-05,0.004966388888888889
2.5370293229579276e-05,0.005173333333333333
7.30661137624366e-05,0.005380277777777778
3.808738868797418e-05,0.005587222222222223
6.458471532162506e-05,0.005794166666666667
4.843320043421261e-05,0.006001111111111111
5.5809226327412616e-05,0.006208055555555555
4.089441473288437e-05,0.0064150000000000006
2.879166080897596e-05,0.006622222222222222
6.448115775125068e-05,0.006829444444444444
4.4313078304173815e-05,0.007036111111111111
4.163470302179123e-05,0.0072430555555555555
4.131000828886194e-05,0.007450277777777778
9.31253756753057e-05,0.0076572222222222215
0.0008939479537723391,0.007864166666666667
0.0032964946787385043,0.008071111111111112
0.006584978453217753,0.008278055555555556
0.010922249681046391,0.008485
0.015508674946437033,0.008691944444444445
0.020171784950204604,0.008898888888888888
0.022760160666349796,0.009105833333333334
0.025238200584434052,0.00931277777777778
0.028365849061620096,0.009519722222222223
0.031569888591582676,0.009726666666666666
0.03308798572954926,0.009933611111111112
0.03407593162336772,0.010140833333333333
0.038265270760024596,0.010347777777777779
0.03493458791985336,0.010554722222222222
0.036152862665637914,0.010761944444444446
0.039917652696044637,0.01096888888888889
0.03964833233525782,0.011175833333333333
0.038945528171119896,0.011382777777777778
0.03945962258026884,0.011589722222222222
0.039445038236553,0.011796666666666667
0.04008930377390136,0.01200361111111111
0.04200402366410055,0.012210555555555554
0.043744584369000264,0.012417500000000001
0.043856663995746656,0.012624444444444445
0.039486823661208925,0.012831388888888889
0.04183882583093615,0.013038333333333334
0.04103050769517712,0.013245277777777778
0.04454211755412042,0.013452222222222221
0.04246102058350499,0.013659166666666667
0.043710167752986834,0.01386611111111111
0.04583614205911759,0.014073055555555554
0.04582725470166757,0.014280000000000001
0.04813674332217926,0.014486944444444445
0.0430818223276001,0.01469388888888889
0.04447205934872859,0.014900833333333334
0.045561208348741535,0.015107777777777777
0.04397999430549742,0.015314722222222223
0.05305559733618076,0.015521666666666666
0.0458984773961055,0.01572861111111111
0.045670099925527244,0.015935555555555557
0.05239212876764333,0.016142777777777777
0.043646472289306334,0.016349722222222224
0.04369438899673299,0.016556666666666667
0.04421031054364944,0.01676361111111111
0.05005981355813464,0.016970833333333334
0.04574523318722236,0.017177777777777778
0.04556652670239916,0.01738472222222222
0.048950594354410876,0.017591666666666665
0.04811088073013922,0.017798611111111112
0.04835824039195311,0.018005833333333332
0.04770571294068923,0.01821277777777778
0.04444323319683252,0.018419722222222223
0.04536559127017244,0.018626666666666666
0.04913565988529354,0.01883361111111111
0.04842953499885158,0.019040555555555557
0.04992116593212053,0.0192475
0.04644703651107203,0.019454444444444444
0.04811500150685476,0.01966138888888889
0.04859893101827546,0.01986861111111111
0.047505343528318054,0.02007583333333333
0.04715133295401113,0.020282777777777778
0.05140255829873804,0.020489999999999998
0.04619719952843619,0.020696944444444445
0.05042673239628712,0.020903611111111112
0.04801998437539949,0.021110833333333332
0.05075822486128981,0.02131777777777778
0.04686068887316692,0.021524722222222223
0.0482078470026975,0.021731666666666666
0.046158155656906924,0.02193861111111111
0.04486291904787448,0.022145555555555557
0.049221999778994975,0.022352499999999997
0.047755134882365005,0.022559444444444444
0.04415189732633118,0.022766388888888888
0.044555496812506805,0.02297333333333333
0.04943678233556421,0.02318027777777778
0.047666194548659,0.023387222222222222
0.0515750526188433,0.023594166666666666
0.04764451116326495,0.02380111111111111
0.04940740321996687,0.024008055555555557
0.046715860567531284,0.024215
0.05236690189305434,0.024422222222222224
0.052818413761091434,0.024629166666666667
0.050145027357812365,0.02483611111111111
0.05196405100330521,0.025043055555555555
0.04911630575963722,0.025250555555555557
0.04709939392939449,0.0254575
0.0502762776105852,0.025665
0.04820416008223426,0.025871944444444444
0.05422879192348069,0.026078888888888888
0.049677575327573976,0.026249444444444447
0.049757579200625644,0.026492777777777775
0.051088476904792055,0.026699722222222222
0.049996984268618365,0.02690694444444444
0.04347791376601572,0.02711361111111111
0.046012555756765494,0.027320833333333336
0.05192834294194832,0.027527777777777776
0.050377744990727745,0.027734722222222223
0.05380487266787835,0.027941666666666667
0.04965770837918959,0.02814861111111111
0.05150449705045433,0.028355833333333334
0.051030721460709964,0.028562777777777777
0.04986882097416292,0.02876972222222222
0.05046047972399411,0.028976666666666668
0.054795141371440065,0.02918361111111111
0.05375808619480578,0.029390555555555555
0.05084026480089016,0.02959777777777778
0.049205833150098174,0.029804722222222222
0.050379911683031055,0.030011666666666666
0.05439179436241347,0.030218611111111113
0.045610190080893065,0.030425833333333333
0.048129665984058226,0.03063277777777778
0.0518065179391243,0.03083972222222222
0.05006052952989613,0.031046666666666667
0.0482859741078163,0.031253611111111114
0.04999300167364189,0.031460555555555554
0.049916538725064005,0.0316675
0.05325860275149137,0.03187444444444445
0.050582929305364656,0.03208138888888889
0.050745664859681246,0.032288333333333336
0.049843739260413404,0.032495277777777776
0.050269145164264936,0.03270222222222222
0.055772532835199895,0.03290916666666666
0.05041227974156485,0.03311611111111111
0.04761802008105914,0.03332305555555556
0.05033517637163813,0.03353
0.05048504943192436,0.033736944444444444
0.05449891768880682,0.033943888888888885
0.04618760336998159,0.03415083333333333
0.05339608164567614,0.03435777777777778
0.050117090766271195,0.034564722222222226
0.05176123654970393,0.034771666666666666
0.04867128409893826,0.03497861111111111
0.052473601557989344,0.03518555555555556
0.05209348300373821,0.0353925
0.05190031384829733,0.03559944444444444
0.050048082380148844,0.03580666666666667
0.05052191487507555,0.036013611111111114
0.05348082716216327,0.036220555555555554
0.051562822924292734,0.0364275
0.04955724213600168,0.03663444444444444
0.04882908408843439,0.03684194444444444
0.04934588641635501,0.03704888888888889
0.0518690661638768,0.037256111111111115
0.049504564707522465,0.037463333333333335
0.050616594225004266,0.037670555555555554
0.04802903563326678,0.0378775
0.04824093883147733,0.03808444444444445
0.052873215509254584,0.03829166666666667
0.05174784814927063,0.03849861111111111
0.0495688516638712,0.038705833333333335
0.051407015475985,0.03891277777777778
0.05271711644271461,0.03911972222222222
0.05281566140343157,0.03932666666666666
0.054470179035951374,0.03953361111111111
0.05317048041597315,0.039740833333333336
0.05474637378941735,0.03994805555555555
0.0468407011838887,0.040154999999999996
0.05270203801182355,0.04036194444444444
0.053176449448368614,0.04056888888888889
0.053720194277719506,0.04077611111111112
0.05394281249874459,0.04098305555555555
0.04998237920407052,0.04119
0.05021841940922246,0.041397500000000004
0.05496327168184048,0.041604444444444444
0.05064761109403334,0.041811388888888884
0.05453944355163757,0.04201833333333333
0.056324142560084875,0.04222527777777778
0.05157008444219041,0.0424325
0.05279642727818446,0.042639444444444445
0.04805227623117692,0.04284638888888889
0.05486658490726258,0.04305333333333333
0.05412393996789436,0.04326027777777778
0.04875133657522346,0.0434675
0.05152376950469306,0.043674444444444446
0.053231734796129734,0.043881666666666666
0.04885105260928101,0.044088333333333334
0.0511181908000742,0.044295277777777774
0.050890938851181206,0.04450222222222222
0.0510219910608896,0.04470916666666667
0.049056871503702526,0.044916388888888895
0.0484982233998662,0.04512333333333333
0.051698913125019653,0.045330833333333334
0.053438978416737566,0.04553777777777778
0.0580531592646414,0.04574472222222223
0.05505228036251881,0.04595194444444444
0.052685054374258966,0.04615888888888889
0.051216448380214656,0.046365833333333335
0.05181473055321359,0.04657277777777778
0.051810856156365506,0.04677972222222222
0.05315113981544636,0.04698666666666666
0.05523555281588527,0.04719388888888889
0.05254699471051078,0.04740055555555556
0.056468406560376404,0.0476075
0.05168103361502814,0.047814722222222224
0.053028264216218056,0.04802138888888889
0.053032297070604896,0.04822861111111111
0.055588541774837893,0.04843555555555555
0.05452199278088336,0.0486425
0.04818035903835003,0.048849722222222225
0.05913493116585573,0.04905666666666667
0.055983954950384066,0.049263611111111105
0.05409062168903514,0.04947083333333333
0.05775385633994988,0.04967777777777778
0.0528197924914643,0.049884722222222226
0.05111104686281237,0.05009166666666667
0.052202189530801295,0.050298888888888886
0.056154524422715825,0.05050583333333333
0.05452709044471507,0.05071277777777778
0.05514659826439069,0.05091972222222223
0.05101464517727558,0.05112666666666667
0.04996046532603603,0.05133361111111111
0.05777235496510804,0.051540555555555555
0.054684463403888196,0.0517475
0.05510257291864557,0.05195472222222222
0.054808255783486644,0.05216194444444444
0.05736831298224015,0.05236888888888889
0.05484497368442704,0.052575833333333336
0.05493393580207825,0.052782499999999996
0.04993851501041815,0.05298972222222222
0.05547724820344817,0.05319666666666667
0.05141198700129431,0.05340361111111111
0.05605814592351404,0.05361055555555555
0.052197535662175804,0.0538175
0.05352113066130841,0.054024444444444444
0.05122106913733404,0.05423138888888889
0.055447346620006936,0.05443805555555556
0.05459687450540548,0.05464527777777778
0.051784333164049914,0.05485222222222222
0.05558215657714283,0.055058888888888886
0.052497204663786184,0.055265833333333333
0.053058043904002594,0.05547277777777778
0.051294666352783194,0.05567972222222222
0.05488093079152338,0.05588694444444445
0.05253909724385353,0.05609388888888889
0.05546493079176603,0.056300833333333335
0.05618061370825917,0.056507499999999995
0.05607810352436444,0.05671472222222222
0.050269775344245614,0.05692166666666667
0.05429995990548451,0.057128611111111116
0.052513373788774666,0.05733555555555555
0.05586403850648072,0.057542499999999996
0.053376046840937705,0.057749444444444444
0.053088867776072184,0.05795638888888889
0.05780892741097291,0.05816333333333334
0.05563746698951621,0.05837027777777778
0.057608045417258995,0.05857722222222222
0.05404441624198569,0.058784166666666665
0.05150558210826245,0.05899111111111111
0.052211765692611566,0.05919833333333333
0.05371151843638755,0.05940527777777778
0.054872525381787704,0.059612222222222226
0.05108606091474968,0.05981972222222222
0.05359963436500164,0.060026666666666666
0.050992043302647214,0.06023388888888889
0.059428393883815815,0.06044083333333333
0.054264906864029884,0.06064777777777777
0.04928341720992011,0.06085472222222222
0.057581295581556044,0.06106166666666667
0.05147981394061089,0.061268611111111114
0.05121098563132185,0.061476111111111106
0.05405354036412016,0.061683055555555553
0.052257825625562485,0.06189
0.05699441560370738,0.0620975
0.052462147796175584,0.06230444444444444
0.05561551583573949,0.0625113888888889
0.05208402289225997,0.06271861111111111
0.05651883635740649,0.06292555555555555
0.052866156204291505,0.0631325
0.055878366060139066,0.06333944444444445
0.05639108233809372,0.06354638888888889
0.05030855983301317,0.06375333333333333
0.05840931041749231,0.06396027777777778
0.055931638932782565,0.06416722222222222
0.053040572434435135,0.06437444444444444
0.05375091276876311,0.06458138888888888
0.057858321183200695,0.06478833333333334
0.056187235822770305,0.06499527777777778
0.054036926829265045,0.06520222222222223
0.05191028373553944,0.06540916666666667
0.0567568802684103,0.06561611111111111
0.053153461453916966,0.06582305555555555
0.057755479174627325,0.06603027777777778
0.051241859701743206,0.06623722222222223
0.058065223118702075,0.06644416666666667
0.0549072043885736,0.0666511111111111
0.05926285552959762,0.06685805555555556
0.056594184569894776,0.067065
0.052211462511463705,0.06727194444444444
0.05269020481843605,0.0674788888888889
0.05415003092279583,0.06768583333333333
0.057419375238216636,0.06789277777777777
0.05733041382084741,0.0681
0.05459938207245825,0.06830694444444445
0.055281283672296656,0.06851388888888889
0.053411361638740544,0.06872083333333334
0.05634086942234256,0.06892777777777777
0.053987466167248,0.06913472222222222
0.0586170136166995,0.06934166666666666
0.05530686724099676,0.06954861111111112
0.05483027671272011,0.06975555555555556
0.059223236649999136,0.06996277777777778
0.05573207418865507,0.07016972222222222
0.051157593718796204,0.07037666666666667
0.05416816212113606,0.07058388888888889
0.052574406596775716,0.07079083333333333
0.06108879584267186,0.07099805555555555
0.055986184792463055,0.071205
0.05489116930333318,0.07141194444444446
0.05220293738296529,0.07161888888888888
0.054589843088665754,0.07182583333333332
0.053738242525967095,0.07203277777777778
0.060764650666428395,0.07224000000000001
0.05715078849037609,0.07244694444444445
0.053420857513825505,0.07265388888888888
0.05508779654702029,0.07286083333333333
0.057827877428138795,0.07306805555555557
0.05705258655043711,0.073275
0.05079911302648078,0.07348194444444445
0.05478021775780048,0.07368888888888889
0.05291568505942561,0.07389583333333333
0.05349446302538295,0.07410277777777777
0.05062052132458908,0.07430972222222222
0.05650994229792283,0.07451666666666666
0.05417174368045464,0.07472361111111112
0.05844682769621698,0.07493055555555556
0.05381653041710371,0.07513777777777778
0.05721187315442758,0.07534472222222222
0.059319653287510536,0.07555166666666667
0.05093378468415339,0.07575861111111111
0.05355090739028897,0.07596555555555555
0.05157517386643031,0.0761725
0.05437905061832557,0.07637944444444444
0.05657182669827553,0.0765863888888889
0.047136987654793766,0.07679333333333334
0.05818764158359359,0.07700027777777778
0.052603042474659883,0.07720722222222223
0.05958748760790498,0.07741416666666666
0.06102008389740579,0.0776211111111111
0.051334392792842555,0.07782805555555555
0.05581748862018704,0.078035
0.05582964973412731,0.07824222222222223
0.05743480142978834,0.07844916666666665
0.055023548902940186,0.07865611111111111
0.05926319418471915,0.07886305555555555
0.055769707542652786,0.07907
0.05491785942931934,0.07927694444444444
0.055435309157304664,0.07948388888888888
0.05391657422652496,0.07969083333333334
0.0486698923685146,0.07989777777777778
0.05301692088666993,0.08010472222222223
0.055552748516490634,0.08031222222222223
0.04922740609341581,0.08051916666666667
0.053432874498490227,0.08072611111111111
0.05236704193039414,0.08093305555555555
0.05345726475013028,0.08113999999999999
0.05057894985875806,0.08134722222222222
0.060949338093120115,0.08155416666666668
0.05474538987804714,0.08176166666666666
0.055544299032490585,0.0819686111111111
0.05710972886098378,0.08217555555555556
0.054785573302572645,0.0823825
0.05603469665708868,0.08259
0.05484674990173961,0.08279694444444445
0.055291679595908805,0.08300388888888889
0.05497098715934531,0.08321138888888888
0.05479521139923071,0.08341833333333333
0.051803391283369325,0.08362527777777777
0.056017016164199254,0.08383222222222222
0.055645519416242926,0.08403916666666666
0.052571376481870484,0.08424638888888888
0.054330021864312975,0.08445333333333332
0.05860684749202095,0.08466027777777778
0.05362338999388175,0.08486722222222222
0.054150271774740744,0.08507416666666666
0.0535036464717191,0.08528111111111111
0.05426300697307235,0.08548805555555555
0.05416048756374855,0.08569500000000001
0.05316089109969154,0.08590222222222221
0.05731740677653182,0.08610916666666667
0.05336179856982238,0.08631611111111111
0.05559707566334793,0.08652305555555556
0.05630127408705913,0.08673
0.05689229939515936,0.08693694444444444
0.052917717756218924,0.0871438888888889
0.05241293470133258,0.08735083333333334
0.05865195889834892,0.08755777777777779
0.05844959543526458,0.08776472222222222
0.05309614348487383,0.08797166666666666
0.05723836339346301,0.08817861111111111
0.05645972491717112,0.08838555555555555
0.05445502388210896,0.08859277777777778
0.05370954342942254,0.08879972222222221
0.054296835267572584,0.08900666666666666
0.06079984389405569,0.0892136111111111
0.05649943582860837,0.08942055555555556
0.05507965652421136,0.0896275
0.05774033684263245,0.08983444444444444
0.05145916626045016,0.09004138888888889
0.054655038021464326,0.09024833333333333
0.056205452814220576,0.09045555555555555
0.05556543600936563,0.09066222222222223
0.05803539100227183,0.09086916666666667
0.05532889617752212,0.09107611111111112
0.053410622789925304,0.09128305555555556
0.04831823101357824,0.09148999999999999
0.04608527957536593,0.09169694444444444
0.039000268495527374,0.09190388888888888
0.03655917368169749,0.09211083333333334
0.032280471889074784,0.09231777777777778
0.027117901865946138,0.09252527777777778
0.02588864703693106,0.09273222222222223
0.021969765690294105,0.09293944444444445
0.020134603540793237,0.09314638888888889
0.01996137210333847,0.09335361111111111
0.018230697491946668,0.09356055555555555
0.01875884553887463,0.0937675
0.015794833666637975,0.09397444444444444
0.015423670666112426,0.09418138888888888
0.014358036801373283,0.09438833333333334
0.013657612159908083,0.09459527777777778
0.013553504637201143,0.09480222222222223
0.013819845860766913,0.09500916666666667
0.012543880778969708,0.09521611111111111
0.01207134996870975,0.09542305555555557
0.01192976604467592,0.09562999999999999
0.011368142330591087,0.09583694444444443
0.010812471280564966,0.09604388888888889
0.010520588806097322,0.09625083333333333
0.011750309224791474,0.09645777777777778
0.01091709389797051,0.09666472222222222
0.01070604307962148,0.09687166666666666
0.011326261963232699,0.09707861111111112
0.009678625109446292,0.09728555555555556
0.009596382479434729,0.09749250000000001
0.009727053594323598,0.09769972222222222
0.009809501672858972,0.09790666666666667
0.009509680149037714,0.09811361111111111
0.010153999250714682,0.09832055555555556
0.008884834887808545,0.0985275
0.010279431563853515,0.09873444444444444
0.00878668349167379,0.0989413888888889
0.008870069064630118,0.09914833333333334
0.008850749982044439,0.09935527777777776
0.008392342814371118,0.09956222222222222
0.00887909481560009,0.09976972222222222
0.008488255781230731,0.09997666666666667
0.00870542232956306,0.10018388888888888
0.008827879112461126,0.10039083333333333
0.007993012463579576,0.10059777777777777
0.008608453940410316,0.100805
0.007818836967512021,0.10101194444444443
0.00819809698299481,0.10121888888888889
0.007675028388462276,0.10142583333333333
0.008274933395239341,0.10163277777777778
0.008064924800649825,0.10183972222222222
0.008044502957030674,0.10204694444444445
0.007638367759590107,0.10225361111111111
0.007466290731735252,0.10246083333333333
0.007669739811813246,0.10266777777777777
0.007417333847914922,0.10287500000000001
0.007418222025316542,0.10308194444444445
0.007385949674043848,0.10328916666666667
0.007881704770648512,0.10349611111111111
0.007309742046977539,0.10370305555555556
0.007269953751531595,0.10391027777777778
0.007164884483014455,0.10411777777777778
0.007275485548596219,0.10432472222222222
0.007298197278587198,0.10453166666666668
0.007282009555100177,0.10473861111111112
0.007077484622678897,0.10494555555555554
0.00705934418284266,0.10515305555555556
0.006675567968437157,0.10536
0.006010475966156483,0.10556694444444445
0.0067089760780741645,0.10577361111111112
0.006953965845662855,0.10598083333333333
0.006286986409462057,0.10618777777777778
0.0064710494409738065,0.10639472222222222
0.006136344025536529,0.10660166666666668
0.005944262473105896,0.10680861111111112
0.0066758104449639874,0.10701555555555554
0.006457248123386109,0.1072225
0.00620152008301627,0.10742944444444444
0.006185542984510577,0.10763666666666667
0.0062287102665015415,0.10784333333333333
0.006280440028641354,0.10805055555555557
0.006012371136107337,0.10825805555555555
0.005808560201587271,0.10846499999999999
0.005552010711956772,0.10867194444444445
0.005841111029572452,0.10887888888888889
0.006013810405371811,0.10908583333333334
0.005659748136381054,0.10929277777777778
0.005713095034380345,0.10949972222222222
0.005366038732968777,0.10970666666666667
0.005432432705436061,0.10991361111111111
0.005915033549618575,0.11012083333333333
0.006041172600830641,0.11032777777777777
0.005687703165793643,0.11053444444444444
0.005587888509920522,0.11074166666666667
0.005224421486969124,0.11094833333333333
0.005638624591131524,0.11111916666666667
0.005556470328958946,0.11136249999999999
0.005571740671882572,0.11156916666666666
0.004691283815890421,0.11177611111111112
0.005258492776108635,0.11198305555555556
0.005479318526640853,0.11219
0.005067465847549415,0.11239694444444445
0.0054133622451865435,0.11260388888888889
0.0053282536857260365,0.11281083333333335
0.0050386371059224395,0.11301805555555555
0.00549800054694404,0.11322472222222221
0.005314945832003209,0.11343166666666667
0.00524556950950412,0.1136386111111111
0.0052763033596450485,0.11384555555555555
0.004479166471033873,0.11405277777777777
0.005146270114570286,0.11425972222222222
0.005017080749290044,0.11446666666666666
0.005446795712245575,0.1146736111111111
0.005041234384067881,0.11488083333333333
0.004917221681909295,0.11508777777777777
0.004611292302088943,0.11529472222222222
0.005080345360370554,0.11550166666666666
0.004754394006431327,0.11570861111111111
0.004917240216483337,0.11591555555555555
0.004972292363238375,0.1161225
0.005036928331092849,0.11632944444444444
0.005085748042247486,0.11653638888888888
0.004712997168074947,0.11674333333333334
0.005343993471235739,0.11695027777777778
0.005064537707859203,0.11715722222222223
0.0043049667671024,0.11736444444444444
0.004858150473142687,0.11757138888888889
0.004379853596047817,0.11777833333333333
0.004495177662774783,0.11798527777777779
0.004878623479692697,0.11819222222222223
0.004565468592098724,0.11839916666666667
0.004495740368328448,0.11860611111111112
0.004708268520166387,0.11881333333333334
0.00402096885099245,0.11902027777777778
0.004136628077252862,0.11922694444444444
0.00482573824417127,0.11943444444444444
0.004280689149825541,0.1196413888888889
0.004315951819292006,0.11984833333333333
0.00457160067416716,0.12005527777777777
0.004563116533914335,0.12026222222222223
0.003938895674017324,0.12046916666666667
0.003860540290134431,0.12067611111111112
0.0040138546798347595,0.12088305555555555
0.004389885685279364,0.12108999999999999
0.0038965338100560706,0.12129694444444444
0.004394235134730044,0.12150388888888888
0.004386333854373443,0.12171111111111112
0.004111140192734272,0.12191805555555554
0.004360213202999946,0.122125
0.004255669207439395,0.12233194444444444
0.003841951427893281,0.12253944444444444
0.0042684886871857675,0.12274638888888889
0.004003407681488845,0.12295388888888889
0.004360359179217001,0.12316083333333334
0.004364879510143083,0.12336777777777778
0.004058320136063034,0.12357472222222222
0.003983275594955552,0.12378194444444444
0.004351505371022172,0.12398916666666666
0.004103650293157621,0.1241961111111111
0.003898214390457442,0.12440333333333332
0.0035772587781242714,0.12461027777777778
0.004013415353149026,0.12481722222222222
0.004107638657904451,0.12502444444444444
0.003840268456623229,0.1252313888888889
0.003890481717970894,0.12543833333333332
0.0037744429275789458,0.12564555555555557
0.003635417485810969,0.1258525
0.004452826653608848,0.12605944444444445
0.0037983112161138646,0.1262663888888889
0.0032969497173241215,0.12647333333333333
0.0036860644868772917,0.12668027777777777
0.0035363686861662057,0.1268872222222222
0.004066480150125718,0.12709416666666667
0.003993732483026199,0.12730111111111111
0.0036508697659840585,0.12750805555555556
0.0037948222307792865,0.127715
0.0036445258767251404,0.12792194444444444
0.0039008119911900676,0.1281288888888889
0.003910997174228522,0.12833583333333334
0.00368957044198295,0.12854277777777778
0.0037444632565842395,0.12875
0.0036420041168530293,0.12895694444444444
0.003698911952366562,0.12916416666666666
0.003542205029609341,0.1293711111111111
0.0033629708104308616,0.12954166666666667
0.003451775212132641,0.129785
0.003309299736170575,0.12999194444444445
0.003386370393431438,0.1301988888888889
0.003483565187667049,0.13040583333333333
0.0036316112459052583,0.13061277777777777
0.0033756850504091493,0.13081972222222224
0.003085227004021032,0.13102666666666668
0.0036474925884198276,0.1312336111111111
0.0033970802613850493,0.13144083333333334
0.0033284505507813465,0.13164805555555556
0.00365834935134075,0.131855
0.003178749459728423,0.13206194444444444
0.003064519281501422,0.13226888888888888
0.0028457622838872322,0.13247583333333335
0.003309523759407481,0.1326827777777778
0.0035063850499824994,0.13289
0.0033272637863096654,0.13309694444444445
0.0031427271181804772,0.1333038888888889
0.0029940442395737024,0.13351083333333333
0.0029430083901253626,0.13371777777777777
0.002994121942830727,0.13392472222222224
0.003404182712214788,0.13413166666666668
0.003328412914192927,0.13433861111111112
0.0028792890825390183,0.13454555555555556
0.0031570548315787875,0.1347525
0.0032100521332237117,0.13495944444444444
0.003263735166150381,0.13516666666666668
0.0029755332028987666,0.13537361111111113
0.003409323526882752,0.13558055555555554
0.002920174654410861,0.1357875
0.0032075217697094603,0.13599444444444445
0.0035521928830569522,0.13620138888888889
0.003150805663147959,0.13640833333333333
0.003248854920184908,0.13661555555555555
0.0031656849043673408,0.13682249999999999
0.0028938916249108596,0.13702916666666667
0.0032476052755699646,0.13723611111111111
0.002957608267153882,0.13744305555555555
0.0031882788848827254,0.13765
0.0030164196311390735,0.13785694444444446
0.0028786940654755232,0.13806388888888887
0.003001106903294496,0.13827083333333332
0.0031771891327804524,0.13847833333333334
0.002931799051010257,0.13868555555555553
0.0030689134691370672,0.1388925
0.0029816277879635734,0.13909944444444444
0.0030214184888565066,0.13930638888888888
0.002985278552180586,0.13951333333333332
0.0032379975849442105,0.13972027777777776
0.0031530396176079377,0.13992749999999998
0.003004450711450002,0.14013444444444445
0.002799356426689836,0.1403413888888889
0.0029246240405459093,0.1405486111111111
0.002712081266057728,0.14071916666666667
0.002909642387558148,0.1409625
0.0028110420950380947,0.14116944444444443
0.0030745933487414463,0.14137666666666668
0.003043611364213523,0.14158333333333334
0.0030323763067547594,0.14179055555555556
0.002670918947167607,0.1419975
0.002939639955943538,0.14220444444444444
0.0028421597214022794,0.1424113888888889
0.0026089426634614346,0.14261861111111113
0.002672736108717217,0.14282555555555557
0.002990121037616106,0.1430325
0.0026728965453364784,0.14323972222222223
0.002668022268139629,0.14344666666666667
0.0030561980013836592,0.1436536111111111
0.002881100458759982,0.14386055555555557
0.0025273806516789917,0.14406750000000001
0.002986215872346476,0.14427444444444446
0.002840129273362645,0.1444813888888889
0.0026757609467488856,0.14468833333333334
0.0025157450112864807,0.1448952777777778
0.0026697726677162147,0.14510277777777777
0.002522989276330522,0.14530972222222222
0.0027039564063731213,0.1455163888888889
0.0028943902184715062,0.14572361111111112
0.0027564042032067033,0.14593027777777778
0.002593318581686959,0.14613722222222222
0.002625632523186503,0.14634444444444444
0.003006005479318806,0.1465513888888889
0.0026687759228839255,0.14675833333333335
0.0028362203020485355,0.1469652777777778
0.0026769541651347492,0.14717222222222223
0.0028458742703305305,0.14737916666666667
0.0024409212600289146,0.14758611111111108
0.0025851681286088034,0.14779305555555555
0.0025546517552457897,0.148
0.0025718906666214606,0.14820694444444443
0.002557582605193034,0.14841388888888887
0.002471778598784681,0.1486208333333333
0.002428903865024764,0.14882777777777778
0.0027237189132934313,0.14903472222222222
0.0024525403922405933,0.14924194444444444
0.0024498017873370898,0.14944888888888888
0.0025126523122114704,0.14965583333333332
0.00248471052196259,0.14986277777777776
0.0023607488752912563,0.15006972222222223
0.0025936833978383684,0.1502763888888889
0.002285324750217444,0.1504836111111111
0.002629018689514068,0.15069055555555555
0.002577123659612292,0.1508975
0.002464733589865132,0.15110444444444446
0.0024213741225650276,0.1513113888888889
0.002481314738743152,0.15151833333333334
0.0027001152020051686,0.15172555555555556
0.0026208819416736273,0.1519325
0.0024186395200730855,0.15213944444444444
0.0022172198983862112,0.15234638888888888
0.002320415254671499,0.15255333333333335
0.0025628921388121534,0.1527602777777778
0.002199684942765945,0.15296722222222223
0.0023560329715518907,0.15317416666666667
0.0024308638579550435,0.1533811111111111
0.002309159868378565,0.15358805555555557
0.002178020832486934,0.1537952777777778
0.002236494716437118,0.15400222222222223
0.0024739515470298943,0.15420916666666667
0.0024552044257794355,0.15441611111111112
0.002431589889201579,0.15462305555555556
0.0025360855433749574,0.15483000000000002
0.0023619819026054457,0.15503694444444446
0.0023967988053624134,0.1552438888888889
0.0024211634997422385,0.15545083333333334
0.0022783572603316867,0.15565777777777778
0.0024492203532942005,0.15586472222222225
0.002409003317901596,0.15607166666666666
0.0022708873703164005,0.1562786111111111
0.002437247834101922,0.15648555555555554
0.002203537828652784,0.15669249999999998
0.0022770203585487266,0.15689944444444442
0.0024199075488709524,0.1571063888888889
0.0023605369915657088,0.15731361111111108
0.0025002541669191134,0.15752055555555555
0.0022307779063898223,0.1577275
0.0021522122501370705,0.15793416666666665
0.0023763840231539385,0.15814111111111112
0.0021143936811973078,0.15834805555555556
0.002089034176604654,0.158555
0.0021337859911318043,0.15876222222222222
0.002139197643125145,0.15896916666666666
0.002201203328887736,0.1591761111111111
0.0021429866170462352,0.15938305555555554
0.0021050647812807903,0.15959
0.002066367176275776,0.15979722222222223
0.002025662599024365,0.16000416666666667
0.002172595750716198,0.1602113888888889
0.0021569963451424034,0.16041833333333333
0.0020369588827023923,0.16062555555555555
0.002330246511328984,0.1608325
0.0020337296917731207,0.16103944444444443
0.002082565003013045,0.16124638888888887
0.002176629576737919,0.16145333333333334
0.002192213012131631,0.16166027777777778
0.0019007355941142296,0.16186722222222222
0.002529748136232061,0.16207416666666666
0.002221694181576833,0.16228166666666669
0.00209931957872344,0.1624886111111111
0.0020840646950685067,0.16269555555555554
0.0020355393300586504,0.16290249999999998
0.001962298596165317,0.16310944444444445
0.0017848632231958878,0.16331638888888889
0.0019233119202134545,0.16352333333333333
0.0019395088180153936,0.16373027777777777
0.0022795033667276973,0.16393749999999999
0.0022370833932250705,0.164145
0.001903410752423207,0.16435194444444445
0.001909890520894458,0.1645588888888889
0.002036362937857261,0.16476583333333333
0.002075359078804565,0.1649727777777778
0.001896965431101438,0.16518
0.001957182197197759,0.1653872222222222
0.002063974615428116,0.16559416666666668
0.0020673966480605115,0.16580111111111112
0.0021630755991003292,0.1660086111111111
0.0020588498490443233,0.16621555555555556
0.0018795913575823896,0.1664225
0.0019362141126495374,0.16662944444444444
0.002047539510236664,0.16683638888888888
0.0021626865774548544,0.16704333333333332
0.002010902322229209,0.1672502777777778
0.002025650112820493,0.16745722222222223
0.0020989377725209504,0.16766416666666667
0.0020422869456536686,0.1678711111111111
0.001990604259316206,0.16807805555555555
0.001938083094626667,0.16828527777777777
0.001967217455728881,0.1684922222222222
0.0018263979267135945,0.16869944444444443
0.002106540497293598,0.1689063888888889
0.0018742973244694897,0.16911333333333334
0.0019507455722746977,0.16932027777777778
0.001980107188950976,0.16952722222222222
0.0017692811249207414,0.16973416666666666
0.00173017321443329,0.16994138888888888
0.0018956039307967605,0.17014833333333332
0.001959515248035524,0.17035527777777779
0.0020005248944088513,0.17056222222222223
0.001991162160322686,0.17076916666666667
0.0016489508370449066,0.1709761111111111
0.0017095947572760926,0.17118305555555555
0.0019380502566164878,0.17139000000000001
0.0018618127556490546,0.17159694444444445
0.0017410720018099712,0.1718038888888889
0.0020171820399571528,0.17201083333333334
0.0019144524127040561,0.17221777777777778
0.001848812920534337,0.17242472222222224
0.0017738792294126411,0.17263166666666668
0.001845564374006825,0.17283861111111112
0.0018196650920413655,0.17304555555555556
0.0018791535894823982,0.17325249999999998
0.0018506542641378717,0.17345944444444444
0.0018832564705843545,0.17366638888888888
0.0019067400074151103,0.17387333333333332
0.0017955247325341015,0.17408027777777776
0.0018592831631374818,0.1742872222222222
0.0018728281040041974,0.17449444444444442
0.001976479016856772,0.17470138888888886
0.001736760832716499,0.17490833333333333
0.0016714555342339696,0.17511527777777777
0.0017530692594826182,0.1753222222222222
0.0017146080900206947,0.17552916666666665
0.0018277429407872632,0.17573638888888887
0.0017497129906341715,0.1759433333333333
0.001844795737055459,0.17615027777777778
0.0018111092915444223,0.17635722222222222
0.0016931775972257883,0.17656416666666666
0.0016058722832247236,0.17677083333333332
0.001576295767685292,0.1769777777777778
0.0014516089792356076,0.177185
0.0016779651597062142,0.17739166666666667
0.0020866994640736914,0.1775988888888889
0.0015563577973549748,0.1778061111111111
0.0017668185736108525,0.17801305555555555
0.0019080032474650583,0.17822
0.0016422551847534604,0.17842666666666668
0.0017583828998753146,0.17863361111111112
0.0018284349739583982,0.17884083333333334
0.0016051980430300107,0.17904805555555556
0.0017069576837915195,0.179255
0.0015534562906619157,0.17946194444444444
0.001669951074305012,0.17966888888888888
0.0017555577495571462,0.17987583333333335
0.0016296950409788874,0.18008277777777779
0.0018167871204871821,0.18028972222222223
0.0018394219663305689,0.18049666666666667
0.0018747579257454375,0.1807036111111111
0.0016341482140668385,0.18091055555555557
0.0016507683658813672,0.18111750000000001
0.0016300544257563138,0.18132444444444445
0.001545084290265888,0.1815313888888889
0.0016525317896201237,0.18173861111111111
0.0016023703153075844,0.18194555555555555
0.0016355536546592338,0.1821525
0.001639910075153276,0.18235944444444446
0.001648697701700958,0.1825663888888889
0.001601346471573048,0.18277333333333334
0.0015572601467707392,0.18298027777777778
0.0016149192895341929,0.1831875
0.0015767676437689403,0.18339444444444444
0.0015760371844331655,0.1836013888888889
0.0016744615870036158,0.18380833333333335
0.0015285665549140594,0.1840152777777778
0.0015493851808567165,0.18422222222222223
0.0015095431967131166,0.18442916666666667
0.001688091410564223,0.18463611111111114
0.0016484910346996515,0.18484305555555555
0.0018145632099398027,0.18505
0.0015412593748498275,0.18525694444444443
0.0012238551795017336,0.18546388888888887
0.0016748447833814302,0.1856708333333333
0.0013512217948820665,0.18587777777777778
0.0014960501708710097,0.18604833333333334
0.0015082889534145027,0.18629166666666666
0.001733522427296047,0.1864986111111111
0.0014468322456821163,0.18670555555555554
0.0016657892021069382,0.1869125
0.0014524406005525993,0.18711944444444445
0.0014888105272975575,0.18732666666666667
0.0015627572062106947,0.1875336111111111
0.0013623961377564873,0.18774055555555555
0.0016541282751318799,0.1879475
0.0014755250103688246,0.18815444444444443
0.0014873880024281667,0.1883613888888889
0.0015456426634689563,0.18856833333333334
0.0014188262491649944,0.18877527777777778
0.0014750729504800209,0.18898222222222222
0.0015888472580957696,0.18918916666666666
0.0014772690731568307,0.18939611111111113
0.0015002904468597008,0.18960305555555557
0.0012978659432280567,0.18981
0.001455318177810184,0.19001694444444445
0.0016142872483467866,0.1902238888888889
0.0013419767079864051,0.19043083333333335
0.0013240450785751564,0.1906377777777778
0.0015059275050835848,0.19084472222222224
0.0012550141422631046,0.19105166666666665
0.0013693731730360563,0.19125833333333334
0.00155312298349361,0.19146527777777778
0.0012451678286138036,0.19167222222222222
0.0014755846628856466,0.19187916666666666
0.0013698378226390674,0.1920861111111111
0.0014344812394364518,0.19229333333333332
0.0014299950604075343,0.1925
0.0012709238863477042,0.19270694444444444
0.0014016190225417504,0.19291416666666666
0.0012447271301740527,0.1931211111111111
0.0013515436278854084,0.1933286111111111
0.001398381546538987,0.19353555555555554
0.0012595776982556965,0.19374249999999998
0.0012885924653256412,0.19394944444444442
0.00137844106757594,0.1941563888888889
0.001457854524626676,0.19436333333333333
0.0013755048243059736,0.19457027777777777
0.00154566301736652,0.1947772222222222
0.0013054302361543482,0.19498416666666665
0.0013725184275291107,0.19519111111111112
0.0015192718709456684,0.19539805555555556
0.0014098448194613676,0.195605
0.0013539918792107245,0.19581194444444444
0.0013526836635125588,0.19601916666666666
0.0012080911014148749,0.1962261111111111
0.001385133682604108,0.1964336111111111
0.001455252928516407,0.19664055555555554
0.001420630824075793,0.19684749999999998
0.0014920902390805043,0.19705444444444442
0.001385709352018604,0.1972613888888889
0.0014016012971085944,0.1974686111111111
0.001379773793530476,0.19767583333333336
0.0014009861605412438,0.1978827777777778
0.001269401819097086,0.19808972222222224
0.0012854023512833513,0.19829666666666668
0.0014546124389887842,0.19850361111111112
0.0013154157998438764,0.19871055555555553
0.0013869509864229811,0.19891777777777778
0.0013114802824361511,0.19912472222222224
0.0013906514504415793,0.19933166666666668
0.0013913704341429968,0.1995388888888889
0.0013035378923292485,0.19974611111111112
0.0011951210296126233,0.19995305555555556
0.0014496218381087767,0.20016
0.0011497035735880128,0.20036694444444444
0.0011195945705300685,0.20057388888888888
0.001337513551984959,0.20078083333333335
0.0011337212424707174,0.2009877777777778
0.001353521688100538,0.20119472222222223
0.0012938778200276505,0.20140166666666667
0.0011848168571465488,0.2016086111111111
0.001065590087310769,0.20181555555555555
0.0011073471834985064,0.2020225
0.001271820457656854,0.20222972222222224
0.0011663586231389319,0.20243694444444446
0.0013678650205090567,0.2026438888888889
0.0013448624860294212,0.20285083333333334
0.0013112261511190463,0.20305777777777778
0.0011710679243721296,0.20326472222222222
0.001219549165724998,0.20347194444444444
0.0011951659686572126,0.2036788888888889
0.0012503387276559805,0.20388583333333335
0.0012528508778414489,0.2040927777777778
0.0013018787206939017,0.20429972222222223
0.0012380785927406034,0.20450666666666667
0.001247672933675695,0.20471361111111114
0.0012863560716532415,0.20492055555555558
0.001094628629515523,0.2051275
0.001379443246224374,0.20533444444444443
0.0012004808015082637,0.20554194444444446
0.0013538707984098073,0.2057488888888889
0.001165120756779618,0.20595583333333334
0.0012422342912724006,0.20616305555555556
0.0012056371847423155,0.20637055555555556
0.0012353981369199174,0.2065775
0.001122881747443784,0.20678444444444444
0.0011709633515359754,0.20699138888888888
0.001186185998147942,0.20719833333333332
0.0011208008883085805,0.20740583333333332
0.00124805514131511,0.20761277777777776
0.0011807532139809817,0.2078197222222222
0.001069920002903383,0.20802666666666667
0.0011415128369043387,0.2082336111111111
0.0012907756767752655,0.20844083333333333
0.0012193089741859618,0.20864777777777777
0.0011498354056231864,0.2088547222222222
0.0012065000803629787,0.20906166666666665
0.0010776685870080957,0.2092688888888889
0.0012595018188411957,0.20947583333333336
0.0013501002812942606,0.20968277777777777
0.001201160104489558,0.2098897222222222
0.001140275968457985,0.21009666666666665
0.0011274001856717434,0.2103036111111111
0.0011332218499956101,0.21051055555555553
0.0011871470308984886,0.21071777777777775
0.0011939972521284273,0.21092472222222222
0.0011290989932747943,0.21113166666666666
0.0011762630930251972,0.2113386111111111
0.001086100958912948,0.21154583333333335
0.0012416299567744417,0.21171638888888888
0.0011290558621912163,0.21196
0.001175178750085677,0.21216694444444445
0.0011299799935026583,0.2123738888888889
0.0011264059299869182,0.21258083333333336
0.0010312860031389457,0.21278777777777777
0.001011190461678167,0.2129947222222222
0.0011522304837931787,0.21320194444444446
0.0011225943744593437,0.2134088888888889
0.0011961031591023231,0.21361583333333334
0.0011148030478889195,0.21382305555555556
0.0012257329866321009,0.21403
0.000993663908088409,0.21423694444444447
0.0009939235431026068,0.2144438888888889
0.001199138048230001,0.21465083333333335
0.0011905456294091352,0.2148577777777778
0.001117079499854742,0.2150647222222222
0.0010898112177207466,0.21527166666666667
0.0010457699920588864,0.2154786111111111
0.0011493997236147917,0.21568583333333335
0.0011986080952437678,0.2158927777777778
0.0011234607357319144,0.21610000000000001
0.001118793667715774,0.21630694444444445
0.0012297047733807519,0.2165138888888889
0.0009451136003033114,0.21672083333333333
0.0009436966066274199,0.2169277777777778
0.001065737143374693,0.21713472222222222
0.00099270241021828,0.21734166666666666
0.0010981707762476236,0.2175486111111111
0.0010969121290696053,0.21775555555555554
0.0010149193225281376,0.2179625
0.0011349074845452716,0.21816944444444444
0.000978041266379888,0.21837638888888888
0.0011603834161101234,0.2185836111111111
0.001111320005891948,0.21879055555555554
0.0010628813707649904,0.21899722222222223
0.001117824651816261,0.21920416666666667
0.0010556867820457256,0.2194113888888889
0.0010147744481886307,0.2196186111111111
0.0010263096640040492,0.21982583333333336
0.0010882155928206567,0.2200327777777778
0.0009203238594527475,0.22023972222222224
0.000989352130478827,0.22044694444444446
0.0010549952159146915,0.2206538888888889
0.0010306198356882599,0.22086083333333334
0.0010247603852287207,0.22106777777777778
0.0010506456005152267,0.22127472222222225
0.000918041215653354,0.22148166666666666
0.0011986460345863427,0.2216886111111111
0.0010513618735366879,0.22189583333333335
0.0011036949516134418,0.2221027777777778
0.001002611326684165,0.22230972222222223
0.00100027403980277,0.22251666666666664
0.0011871302866777868,0.2227236111111111
0.0010827100098448183,0.22293055555555555
0.0009786201771119266,0.2231375
0.00110568023390146,0.22334444444444443
0.000965862457716185,0.22355138888888887
0.001022879583311096,0.22375833333333334
0.0009531041070579142,0.22396527777777778
0.0010309416722564491,0.22417222222222222
0.001083360297288906,0.22437916666666666
0.0009927011768014755,0.2245861111111111
0.0009747535249117688,0.22479305555555557
0.0009944755513403786,0.22500027777777776
0.0009179647693945368,0.22520722222222223
0.0009101753416345104,0.22541416666666667
0.001072702570173648,0.2256211111111111
0.0009735407183338252,0.22582805555555555
0.0008594708184767813,0.22603499999999999
0.0008029183522816111,0.22624194444444445
0.0009088414150029,0.2264488888888889
0.0009141692292782206,0.22665583333333333
0.0008821194506994513,0.22686277777777777
0.0008692361451230746,0.22706972222222221
0.0008994478078988633,0.22727666666666668
0.0009821189578335166,0.22748361111111112
0.000864590806867227,0.22769055555555556
0.0008537446023963875,0.2278975
0.0007945454354963024,0.22810444444444444
0.0008388538246938387,0.2283113888888889
0.0008689863608421822,0.22851833333333335
0.000896252331184212,0.22872527777777776
0.0010729583831604757,0.2289322222222222
0.000991738007408118,0.22913916666666664
0.0008286606189110776,0.2293461111111111
0.0009195413833569902,0.22955305555555555
0.0008664056458506943,0.22976
0.0008869267834255471,0.22996777777777777
0.0008744378597479896,0.23017472222222224
0.0010170688024216386,0.23038166666666668
0.0008424504625243847,0.23058861111111112
0.0008513724239244821,0.23079555555555556
0.0008669285860370026,0.2310025
0.0009467759472732083,0.23120944444444447
0.0008021278008907694,0.23141666666666666
0.0008498068695104153,0.23162361111111113
0.0008640299881895846,0.23183055555555557
0.0009299573233081548,0.2320375
0.0008512582168608549,0.23224444444444445
0.0008693585845505981,0.2324513888888889
0.0008431689183994789,0.23265833333333336
0.0008959227438395006,0.2328652777777778
0.0008612009926979478,0.2330722222222222
0.0007753047043423737,0.23327916666666665
0.0008260433382674439,0.2334861111111111
0.000731659234558317,0.23369305555555556
0.0009338140295794821,0.2339
0.0009177578119953831,0.23410694444444444
0.0008339258321261463,0.23431388888888888
0.0008559576435283845,0.23452083333333332
0.0009345700267037006,0.23472777777777779
0.0008049487715063192,0.23493472222222223
0.0009155623107915772,0.2351422222222222
0.0008598423654064671,0.23534916666666666
0.0009119095766064907,0.2355561111111111
0.0008026207281667603,0.23576305555555555
0.0007995975969446148,0.23596999999999999
0.0008968132999290223,0.23617694444444443
0.0007892252163712234,0.23638416666666665
0.0008281508816222736,0.23659111111111109
0.0008933317132603576,0.23679805555555555
0.000780410449272962,0.237005
0.0008342636447539654,0.23721194444444443
0.0008627022143010336,0.23741888888888887
0.000842269917873057,0.2376261111111111
0.0007865066875279545,0.23783305555555553
0.0007929939727918487,0.23804
0.0008284620001025354,0.23824694444444444
0.0008286857990356508,0.23845388888888888
0.0008900533658435214,0.2386613888888889
0.0007450805877415658,0.23886833333333335
0.000860213946929496,0.2390752777777778
0.0008442325076463367,0.23928222222222223
0.0007711243139592577,0.23948916666666664
0.0007405615553948417,0.2396961111111111
0.000804601287725891,0.23990305555555555
0.0007991522606519476,0.24011
0.000787984018682801,0.24031694444444443
0.0008049234314428447,0.24052388888888887
0.0008047335180861942,0.24073083333333334
0.0007835838173849662,0.24093777777777778
0.0007489541832603193,0.24114472222222222
0.0008069410722891326,0.24135166666666666
0.000781268951250639,0.2415586111111111
0.0007962594218218474,0.24176555555555557
0.000700643246555411,0.2419725
0.0007771470544903645,0.24217944444444445
0.0007528687096607486,0.2423863888888889
0.0007832755965491335,0.24259333333333333
0.0008758602511993869,0.2428002777777778
0.0006878416249962598,0.24300722222222224
0.0007234368551601736,0.24321416666666668
0.0007202883159515089,0.24342111111111112
0.0007866526058892399,0.24362805555555556
0.0008429162488007445,0.24383500000000002
0.0008175853244227173,0.24404194444444446
0.0007121454948679053,0.2442488888888889
0.0007623402411137306,0.24445583333333334
0.0008178690382458097,0.24466305555555556
0.0007189773087067942,0.24487027777777778
0.0006983532683115885,0.24507722222222222
0.0007802671087439542,0.24528416666666666
0.0007136007201853519,0.24549111111111113
0.0007045616808277414,0.24569805555555557
0.0008846159777214461,0.245905
0.0007925638083028893,0.24611194444444445
0.0007342591614721231,0.2463188888888889
0.0006720212793281414,0.24652583333333336
0.0007478865468349134,0.2467327777777778
0.0007066724717899181,0.2469397222222222
0.0007174778265412974,0.24714666666666665
0.0007440203787076044,0.2473536111111111
0.0007983526196733155,0.24756055555555553
0.0008450921529929336,0.2477675
0.0007582822256929553,0.24797444444444444
0.0007430676013063256,0.24818138888888888
0.0007252384041856449,0.24838833333333332
0.0007325986609815265,0.24859527777777776
0.0006158444516368411,0.24880222222222223
0.0007232210039779923,0.24900916666666667
0.0007373000607098699,0.2492161111111111
0.0007182672607416293,0.24942305555555555
0.0006454792187981486,0.24963027777777777
0.0007728162068285269,0.2498372222222222
0.0007594135691631885,0.2500447222222222
0.000804368478084883,0.25025166666666665
0.0006612120997079545,0.2504586111111111
0.0006844865769711793,0.25066555555555553
0.0006354927366166792,0.2508725
0.0006450386934810367,0.2510797222222222
0.0007178635785362289,0.25128666666666666
0.0006667986509267831,0.25149361111111107
0.0006044830084074664,0.25170055555555554
0.0006553616134380072,0.2519077777777778
0.0006708912306957344,0.25211472222222225
0.0007367982163272595,0.25232166666666667
0.0006947055987188962,0.2525286111111111
0.0007928925118922957,0.25273555555555555
0.0006982444817636168,0.2529425
0.0006974230870053946,0.2531494444444444
0.000703824535651315,0.2533563888888889
0.0006009094508319408,0.2535630555555555
0.0005474209951340277,0.2537702777777778
0.000599194491067846,0.25397722222222224
0.0005743860220127222,0.25418416666666666
0.0007196498726202159,0.2543911111111111
0.0007083862166032966,0.25459805555555554
0.0006948390451502696,0.254805
0.0006638533353908547,0.25501194444444447
0.0005954205210195605,0.2552188888888889
0.0005983339095322485,0.25542583333333335
0.0006870806364780464,0.25563305555555554
0.0005872171635722038,0.25584
0.0006164251571602082,0.2560472222222222
0.0006272566803363717,0.25625416666666667
0.0006754830988339712,0.2564611111111111
0.0006379501773566323,0.25666805555555555
0.0005885983959326495,0.256875
0.0005628392653907403,0.2570455555555556
0.0006761065613113966,0.2572888888888889
0.0006451224061464781,0.2574958333333333
0.0007376948389482765,0.2577027777777778
0.0006372605642309975,0.25790972222222225
0.0005838940589846316,0.25811666666666666
0.0006894904365516818,0.25832361111111113
0.0006033222340235358,0.25853055555555554
0.0005897872264165389,0.2587375
0.0006234388261280239,0.2589444444444445
0.0005193467735601329,0.2591513888888889
0.0005535957845365505,0.25935833333333336
0.0005900309174270087,0.25956527777777777
0.000675422382828067,0.2597722222222222
0.0005742957539964097,0.25997916666666665
0.0005878061919341361,0.2601863888888889
0.0006338687692990206,0.26039333333333337
0.0006846314959056805,0.2606002777777778
0.0005206305074509165,0.2608072222222222
0.0006496197730844781,0.26097777777777775
0.0007212686067780894,0.2612211111111111
0.0005587080499740503,0.26142805555555554
0.0005540762705475733,0.261635
0.0005997855345177692,0.2618419444444444
0.000548934713972769,0.2620488888888889
0.0007000571350453507,0.2622555555555556
0.0006223536198103087,0.26246277777777777
0.0005979000911937579,0.26266972222222223
0.0006249122853848804,0.26287666666666665
0.0006419575463939005,0.26308333333333334
0.0005937354592163433,0.2632902777777778
0.0006252945752909398,0.2634972222222222
0.0005754921912186632,0.2637041666666667
0.0005148803734348323,0.2639113888888889
0.0005809816696173844,0.26411833333333334
0.00057998443033304,0.2643252777777778
0.0005763598753306538,0.2645322222222222
0.000597741336860578,0.26473888888888886
0.0005640115927994724,0.2649458333333333
0.0006241952830275387,0.2651530555555556
0.0006522754676546688,0.26536000000000004
0.0005359173283716208,0.26556694444444445
0.0006416705393600997,0.26577388888888887
0.0006618273030474691,0.26598083333333333
0.0005806533419854072,0.26618777777777775
0.0006691616798660673,0.2663947222222222
0.0006478488395212439,0.2666016666666667
0.0005647413555494372,0.2668086111111111
0.0004903974623116206,0.26701555555555556
0.0006191133714488549,0.2672225
0.000548505280949392,0.26742944444444444
0.0006715874094693199,0.2676363888888889
0.000552646934143491,0.2678433333333333
0.0005359543897272033,0.2680502777777778
0.0005266087071984488,0.2682572222222222
0.00047103488145548277,0.26846416666666667
0.0005766616357258592,0.26867111111111114
0.0007295290153442219,0.26887805555555555
0.000528630832259849,0.269085
0.0005724586490472823,0.2692916666666667
0.0005572146117207631,0.2694988888888889
0.0004925162699018641,0.26970583333333337
0.0005603304735275628,0.2699127777777778
0.0005560311825614725,0.27011972222222225
0.0005206484320409645,0.27032666666666666
0.0005880924148382586,0.2705336111111111
0.000506209340814693,0.2707405555555556
0.0004909521083034513,0.2709475
0.0004859075533696077,0.27115472222222226
0.0006012613054665205,0.27136166666666667
0.0005777411939195282,0.27156861111111114
0.00046979634596935687,0.27177555555555555
0.0005251775348002036,0.27198249999999996
0.000558358069945689,0.2721897222222222
0.0005678732804292779,0.2723966666666667
0.0005530255004386452,0.27260361111111114
0.0005227197818638591,0.27277416666666665
0.0005700165530639648,0.2730175
0.000605780237208493,0.27322444444444444
0.0005650328578532996,0.2734316666666667
0.0005220545277578986,0.2736386111111111
0.0004622606962059271,0.27384555555555556
0.0005368393465314196,0.27405305555555554
0.0005341546215805457,0.27426
0.0005171668202212733,0.27446694444444447
0.0004626437224054751,0.2746738888888889
0.0005469001266476752,0.27488083333333335
0.0005190092505881121,0.27508750000000004
0.0006455964800908104,0.27529472222222223
0.0004570072321992633,0.2755016666666667
0.0005623864328487885,0.2757086111111111
0.0005394687403998853,0.27591527777777775
0.0005503831189253068,0.2761222222222222
0.0005351316703985004,0.2763291666666667
0.0005090411106149473,0.2765361111111111
0.0005073083214449352,0.27674305555555556
0.000555793435804568,0.27695
0.0004957821547325763,0.27715694444444444
0.0005265609185608796,0.2773638888888889
0.0005432184778389443,0.2775708333333333
0.0005011446080794438,0.2777777777777778
0.0004803496343634024,0.277985
0.0005176005118205724,0.27819194444444445
0.00042964600406334336,0.27839888888888886
0.0005014711502000724,0.27860583333333333
0.000572069316526362,0.2788127777777778
0.00042952698525551103,0.2790197222222222
0.0005254097766206366,0.2792266666666667
0.0004559154348936057,0.2794336111111111
0.0005255356255061488,0.27964055555555556
0.0005622150211642508,0.2798475
0.00043970683845639014,0.2800552777777778
0.0004981230115335569,0.2802622222222222
0.0005225300480301289,0.28046916666666666
0.0005168218461483475,0.2806761111111111
0.0004513547923010187,0.28088305555555554
0.0005009001381750172,0.28109
0.0005278800970632035,0.2812969444444444
0.00045436917016100886,0.2815038888888889
0.000547325492010243,0.28171083333333335
0.0004236213676811382,0.28191777777777777
0.0005612074912983027,0.282125
0.0004607938451559625,0.2823319444444444
0.0004518984783979197,0.2825388888888889
0.000469850634480671,0.2827458333333333
0.0005507772682121153,0.2829527777777778
0.00040763647014707704,0.28315972222222224
0.0004780444759203209,0.28336694444444444
0.00045095346027002384,0.2835738888888889
0.00046048491941661326,0.2837808333333333
0.00046624843580608024,0.2839877777777778
0.0004172824293861053,0.2841947222222222
0.00042110427683193823,0.28440166666666666
0.00039978475004752434,0.2846086111111111
0.0004749208893913964,0.28481555555555554
0.000480994013242929,0.28502249999999996
0.00044230381637240334,0.2852294444444444
0.0003952771759071642,0.2854363888888889
0.00043445472097364783,0.2856430555555556
0.0005509741695743517,0.28585
0.0003808116103313856,0.28605694444444446
0.0004741509326323033,0.28626416666666665
0.00046192589753380413,0.2864711111111111
0.00046520050795147226,0.28667805555555553
0.0004140564213971148,0.286885
0.0003937952708958176,0.28709166666666663
0.0004112026537258818,0.2872988888888889
0.0004922926376731008,0.28750583333333335
0.00039900313837549237,0.2877127777777778
0.00037551064157363776,0.28791972222222223
0.00044919391229186046,0.2881263888888889
0.0003603381303105718,0.28833333333333333
0.00042827389281359504,0.28854027777777774
0.000512682999841262,0.2887472222222222
0.00048800338139321165,0.2889541666666666
0.0004454668563128214,0.28916138888888887
0.0004150725832130025,0.2893680555555555
0.0004181076595648057,0.2895752777777778
0.00043861466403574814,0.2897822222222222
0.0004520122755572435,0.2899891666666667
0.0003994129493714982,0.2901961111111111
0.0004449949691757357,0.29040305555555557
0.0004421910622966189,0.29061
0.0004444007524266708,0.2908177777777778
0.0004698401820691627,0.29102472222222225
0.00043925971543834914,0.29123166666666667
0.0004123262298576678,0.29143861111111113
0.0004372202185824359,0.29164555555555555
0.0004486176008241612,0.29181583333333333
0.000526618802224381,0.2920594444444444
0.0004233211218073502,0.2922666666666667
0.00044775831321170644,0.2924736111111111
0.00039287519564769184,0.29268055555555555
0.0004650079389781283,0.29288749999999997
0.0004024274041134382,0.2930944444444445
0.00046225911762764056,0.2933013888888889
0.00047392056108776324,0.29350888888888893
0.00038915446042411285,0.29371583333333334
0.0004615827405487896,0.2939230555555556
0.00045003774416541286,0.29413
0.0004249817668283343,0.29433694444444447
0.0003437664911580101,0.29454416666666666
0.0004211520039794143,0.29475111111111113
0.0004951615193960895,0.29495805555555554
0.0003973982040726921,0.295165
0.0004465219246095179,0.2953722222222222
0.0003685068583902024,0.29557916666666667
0.0003849565083860074,0.2957861111111111
0.00044831442262140484,0.29599305555555555
0.0003447247942771283,0.2962005555555555
0.00040428183399689665,0.2964075
0.0003956442246370134,0.2966144444444444
0.00040633263470738254,0.29682166666666665
0.00032074110579142015,0.2970286111111111
0.0004307219794615219,0.29723555555555553
0.00036698766716358316,0.29744249999999994
0.00047143111392620464,0.29764972222222225
0.00039008849965101216,0.2978566666666667
0.0003921142759620365,0.2980636111111111
0.0004036173929526724,0.29827055555555554
0.00036852863540147766,0.2984775
0.00040586979423462024,0.2986844444444444
0.0004408696865804775,0.2988913888888889
0.00033610206801825814,0.2990983333333333
0.0004197001082979561,0.29930527777777777
0.00040705917050816703,0.2995122222222222
0.0003520624002732912,0.2997191666666667
0.0004228415360408427,0.2999261111111111
0.0003501788436393761,0.30013333333333336
0.0003966291656930799,0.3003402777777778
0.00035533578387184154,0.30054777777777775
0.00035338061361287756,0.30075472222222227
0.0003728112311838782,0.3009616666666667
0.0004079297895262138,0.30116861111111115
0.00035157211957300804,0.30137583333333334
0.00036211289184509885,0.3015827777777778
0.0003262672368040056,0.3017897222222222
0.0003853730908696275,0.3019966666666667
0.0003427364951083742,0.3022036111111111
0.00039044661464951517,0.30241055555555557
0.00032791322175577546,0.3026175
0.00041582727742169446,0.3028244444444444
0.00046711821590469656,0.3030313888888889
0.0003698342038397974,0.30323833333333333
0.000338276979559837,0.3034452777777778
0.0003820117838579989,0.3036522222222222
0.0003361953393096354,0.3038591666666667
0.00035531807248245036,0.3040661111111111
0.00029408237168526816,0.30427305555555556
0.00033419275863897404,0.30448
0.0004420833061704224,0.30468694444444444
0.0003754881162887298,0.30489388888888885
0.0003639680554342804,0.3051011111111111
0.0003178365101911622,0.3053080555555555
0.0003731791265013542,0.30551500000000004
0.00037782809389746205,0.3057222222222222
0.0004041278602895795,0.3059291666666667
0.00038821483232580697,0.3061361111111111
0.0003505970415587994,0.30630666666666667
0.0003023374866600664,0.30655
0.0004281696530999167,0.30675722222222224
0.00037281322109457434,0.30696416666666665
0.00044000184651763163,0.3071711111111111
0.0003951707562672983,0.30737805555555553
0.0003835382055110854,0.307585
0.00035887369597333295,0.3077919444444444
0.00035341057872958104,0.3079988888888889
0.0003920300443922151,0.3082058333333333
0.0003403538099931859,0.3084127777777778
0.0002998589412549014,0.3086197222222222
0.0003064294171553156,0.3088266666666667
0.0003376895819236599,0.3090333333333333
0.0003580671631238499,0.3092402777777778
0.0002925702364440789,0.3094472222222222
0.0002979077855780732,0.30965444444444445
0.0003658723394338219,0.30986138888888887
0.00029941973298947043,0.31006833333333333
0.0003209879948322639,0.31023888888888884
0.00037007483556748697,0.31048222222222227
0.00033458587529423914,0.3106891666666667
0.0004005819535564043,0.31089638888888893
0.00036338515999214744,0.3111036111111111
0.00033998432730174467,0.3113105555555556
0.0004100282569545085,0.3115175
0.00027634099356276616,0.31172444444444447
0.00035405273960881526,0.3119313888888889
0.00028959811472882964,0.31213833333333335
0.0003527682146656605,0.31234527777777776
0.0003566215397826494,0.31255222222222223
0.0003373434852116268,0.31275916666666664
0.0003570035015398614,0.31296611111111117
0.000292112619328156,0.3131730555555556
0.0003957201212203857,0.31338
0.00033295921765840884,0.31358694444444446
0.00039103011445181624,0.31379388888888887
0.00030368081505815673,0.31400083333333334
0.00033755523361196497,0.31420777777777775
0.0003767872922712337,0.3144147222222222
0.00029598906583054184,0.31462166666666663
0.00032452604181120896,0.3148286111111111
0.00033494380461253457,0.3150355555555555
0.0002844373220284684,0.31524222222222226
0.0003344972038260001,0.31544916666666667
0.0003382127035278407,0.3156563888888889
0.0003117213035507696,0.3158636111111111
0.00033440108772083874,0.3160705555555556
0.0003371343733593945,0.3162775
0.0003377936768147894,0.31648444444444446
0.00036085990543993803,0.31669138888888887
0.00028650159939429623,0.31689833333333334
0.00029889802865644237,0.31710527777777775
0.00025798613835047835,0.3173122222222222
0.0003695074171878099,0.31751916666666663
0.00032941264544113826,0.31772611111111115
0.0003246775623786707,0.31793333333333335
0.00031464361890003536,0.3181405555555556
0.00033311765947772033,0.3183475
0.00036277435569829813,0.3185541666666667
0.00026939882758379377,0.3187613888888889
0.0002724979430817979,0.31896833333333335
0.0002902457343297333,0.31917527777777777
0.0002500212971136533,0.31938222222222223
0.0003044907448476693,0.31958916666666665
0.00039793628763949213,0.3197961111111111
0.00027065866282168085,0.3200027777777778
0.0003004896806337367,0.32020972222222227
0.00031505001235973974,0.32041694444444446
0.0002965924316488649,0.32062388888888893
0.00021673396801919967,0.32083055555555556
0.000302177590821241,0.3210375
0.00030263903388026914,0.32124444444444444
0.00036317599480659125,0.32145138888888886
0.0003117320969479923,0.3216583333333333
0.00024452018263803227,0.32186527777777774
0.0002723623797107925,0.3220361111111111
0.00028768088431026554,0.3222794444444444
0.0003490331604617194,0.3224863888888889
0.00030112641678575763,0.32269333333333333
0.0003030401199309373,0.3229002777777778
0.00034606482419433993,0.3231072222222222
0.00033389137766179263,0.3233141666666667
0.0002439749397825176,0.3235211111111111
0.0003634912085859531,0.32372805555555556
0.0003248700347616524,0.3239347222222222
0.00026512419475292455,0.3241416666666667
0.0002881936754198414,0.32434861111111113
0.0002778630990923268,0.3245555555555556
0.00024354971672993855,0.3247625
0.00031424433646430453,0.32496972222222226
0.00030015972331069154,0.3251763888888889
0.0002958254681315282,0.32538361111111114
0.00026012277095057297,0.32559055555555555
0.0002332954958331721,0.3257975
0.00030337444963834774,0.32600444444444443
0.00033756386270567993,0.3262113888888889
0.000293722751731072,0.3264183333333333
0.0002880042945581628,0.32662527777777783
0.0002868708289707811,0.32683222222222225
0.00031447635815987546,0.32703916666666666
0.00030557310634347093,0.3272461111111111
0.00021951683108136703,0.32745305555555554
0.00025289232919620497,0.32766
0.00030396231290642377,0.3278669444444444
0.00020820429151650267,0.3280738888888889
0.000302174721994309,0.3282808333333333
0.00035220485330583436,0.32848777777777777
0.00021156662975737746,0.32869444444444446
0.00025730657111345254,0.3289016666666667
0.0002953048510215519,0.3291086111111111
0.0002779105424146914,0.3293155555555556
0.00031652512361138925,0.3295225
0.00026167003682303576,0.32972944444444446
0.0002761160997290438,0.3299363888888889
0.0002962397694767652,0.33014333333333334
0.00030093743302656153,0.33035
0.0002148183474661659,0.3305569444444445
0.0003061113217434676,0.33076416666666664
0.00022579920072948988,0.33097111111111116
0.0002661487801051555,0.3311777777777778
0.00023367336699908037,0.33138500000000004
0.0003034253456282056,0.33159194444444445
0.00022420753982675836,0.3317988888888889
0.00030956896977608553,0.33200555555555555
0.0002530032452831172,0.33221249999999997
0.0002741920026189447,0.33242055555555555
0.0002950393030604925,0.3326275
0.00021063521295464462,0.33283444444444443
0.00027794644617143324,0.3330413888888889
0.0002291227866555059,0.3332486111111111
0.0002392907652173332,0.3334552777777778
0.0002661735982406409,0.3336622222222222
0.0002460517009599873,0.3338691666666667
0.0002143761871335109,0.33407611111111113
0.0002745680131706218,0.3342830555555556
0.0001947991633081564,0.33449
0.0002372306650141079,0.3346969444444445
0.00028117403393630697,0.3349038888888889
0.00034145211136223563,0.3351108333333333
0.00021926906716897228,0.33531777777777777
0.00023657796092828342,0.3355247222222222
0.0002679745459014459,0.33573166666666665
0.00019722466854029836,0.33593861111111106
0.00024054141891773125,0.3361455555555556
0.000218452852873824,0.3363525
0.00026378556342149576,0.33655944444444447
0.00020249137646368155,0.3367663888888889
0.0002940604425307545,0.33697333333333335
0.00034305574991604147,0.33718027777777776
0.00026705642188633576,0.3373872222222222
0.00022683086690818236,0.3375944444444444
0.0002584430956041736,0.3378013888888889
0.00026551865152970856,0.3380083333333333
0.00026853556468517555,0.33821527777777777
0.00028754698004758287,0.3384222222222222
0.00027359951769578177,0.3386291666666667
0.00030936068128485563,0.3388361111111111
0.00023452254817963244,0.3390430555555556
0.00032034778936815067,0.33925
0.00028256877504937084,0.33945694444444446
0.0002575021934090261,0.33966416666666666
0.00023570304684622067,0.3398711111111111
0.000234602438662427,0.34007805555555554
0.0002471835875646585,0.340285
0.00021013590884978478,0.3404919444444444
0.00020284347581980543,0.3406988888888889
0.0002807287202949388,0.3409058333333333
0.00022234538276888553,0.34111250000000004
0.00025616036374663537,0.34131944444444445
0.0002713929076654396,0.34152638888888887
0.00026981604525860934,0.34173333333333333
0.00028342280309996617,0.34194027777777775
0.0002532092001158833,0.3421475
0.00026914439090739166,0.3423541666666666
0.0001898902455063612,0.3425611111111111
0.00024314958509478936,0.3427680555555555
0.00019408044516992364,0.34297500000000003
0.000152548785637294,0.34318194444444444
0.00021360654047678895,0.3433888888888889
0.00020059983718777064,0.3435958333333333
0.00028548680606639576,0.3438027777777778
0.00023078786370285268,0.3440097222222222
0.0002837944383833702,0.34421666666666667
0.00025096174671136463,0.3444236111111111
0.00030568369739591744,0.34463055555555555
0.00021470452115607318,0.34483749999999996
0.0002489657021593464,0.3450444444444445
0.0002132614573761815,0.3452513888888889
0.0001696181538385644,0.34545833333333337
0.00022211136017481127,0.3456652777777778
0.00022470391374149502,0.34587222222222225
0.00023151646100976527,0.34607916666666666
0.0002527937345979512,0.34628611111111113
0.00024150581798788363,0.34649305555555554
0.00024095431944889663,0.34669999999999995
0.0002520875623022312,0.3469069444444444
0.00021604100617986122,0.3471138888888889
0.00023986350328673652,0.34732083333333336
0.00023666295544016113,0.34752777777777777
0.00020432416776000733,0.34773472222222224
0.00021171726248074565,0.34794166666666665
0.00021564397005883305,0.3481486111111111
0.00022483054229564887,0.34835555555555553
0.0002459088674665933,0.3485625
0.00023995196891008437,0.3487694444444444
0.00023085540705069935,0.3489763888888889
0.0002004538128399547,0.34918333333333335
0.00023488565321007528,0.3493902777777778
0.00021755451721398183,0.3495972222222222
0.00022317883552552755,0.3498041666666667
0.0002693926153915143,0.3500111111111111
0.00024026127424814825,0.3502180555555556
0.0002258030021016038,0.350425
0.00021467770817615883,0.35063194444444445
0.00018412655942351568,0.35083888888888887
0.0002120883037663758,0.35104583333333333
0.00019373449644379762,0.3512527777777778
0.00021765913340866645,0.35145972222222227
0.0002357115076008159,0.3516666666666667
0.00021026840183066743,0.3518736111111111
0.00024825299729625715,0.35208083333333334
0.00019531326347773607,0.3522875
0.0002494368399766108,0.35249444444444444
0.00023632112384689382,0.35270138888888886
0.00023506469929071257,0.3529083333333333
0.00022729811792165317,0.35311527777777774
0.00022634627812686935,0.35332222222222226
0.0002544986478645011,0.3534927777777778
0.00022230513558492678,0.35373611111111114
0.00017935728628775565,0.35394305555555555
0.00016613819654263888,0.35415
0.0002358624856592374,0.35435694444444443
0.0002817700069474464,0.3545638888888889
0.00022471210507723805,0.3547708333333333
0.0002524723047589526,0.35497805555555556
0.0002148040650043711,0.3551847222222222
0.00023297034375305617,0.3553916666666667
0.00018569804086447493,0.35559861111111113
0.00021979735945100472,0.3558055555555556
0.00015548237457496214,0.3560125
0.00023688300921749397,0.3562194444444445
0.000246551452273163,0.3564263888888889
0.0001718988669424161,0.35663361111111114
0.0002071841532450025,0.35684083333333333
0.00019639629498931633,0.3570477777777778
0.00025036450164038536,0.3572547222222222
0.00021673424015582465,0.35746222222222224
0.00020774409001573466,0.35766916666666665
0.0002541575799742419,0.3578761111111111
0.0002347501101697074,0.3580833333333333
0.00017726808665259825,0.3582902777777778
0.00024130583225331814,0.3584972222222222
0.0001612397196797244,0.35870416666666666
0.000255657322589974,0.35891111111111107
0.00020834989801724808,0.3591180555555556
0.00019166365480570349,0.359325
0.00021308445173339664,0.3595319444444445
0.00014408653966079308,0.35974
0.0002211053803397238,0.3599469444444444
0.00011694232346578864,0.36015361111111116
0.00020136172156599253,0.3603605555555556
0.00015041741300065046,0.3605675
0.00026329039149622135,0.36077472222222223
0.0002213544683766524,0.36098138888888887
0.0002128104714861586,0.3611886111111111
0.00021449591200149468,0.3613955555555555
0.0001862073512560017,0.36160305555555555
0.00021008959627443974,0.36181
0.00016494684972993308,0.36201694444444443
0.00017598483612166096,0.3622238888888889
0.00022237919289728807,0.36243055555555553
0.0002201466626406973,0.36263749999999995
0.000189202637132325,0.36284444444444447
0.0002042364209028051,0.3630513888888889
0.00020873824690963516,0.36325833333333335
0.00019278956052210783,0.36346527777777776
0.0001697478132894373,0.36367222222222223
0.00020775589359598598,0.36387916666666664
0.00017633424760018693,0.3640863888888889
0.00019466077023001544,0.3642930555555555
0.00020301270004359978,0.36450027777777777
0.00019344651267874508,0.3647069444444444
0.00018529522133849287,0.3649138888888889
0.00019364134651526205,0.36512083333333334
0.00018269973115559007,0.3653277777777778
0.000187805603312807,0.3655347222222222
0.00021677969062942898,0.3657416666666667
0.0002013378687146901,0.3659486111111111
0.00019946113393054643,0.36615555555555557
0.0001454661946215535,0.3663625
0.00019105745160458588,0.3665697222222222
0.00022243306027393002,0.36677666666666664
0.00022561553683591218,0.3669836111111111
0.00019024610407865038,0.3671905555555555
0.00015977952550040158,0.36739750000000004
0.00016091507219150654,0.36760444444444446
0.00020515868793428648,0.3678113888888889
0.00017031741020746217,0.36801833333333334
0.00018695643778163533,0.36822611111111114
0.0001890463979377764,0.36843305555555556
0.000183931544662894,0.36864
0.00017973660603817855,0.36884694444444444
0.0001700134449463749,0.3690538888888889
0.00016474692258146672,0.3692611111111111
0.00013571520582470435,0.36946805555555556
0.00018584158057466304,0.369675
0.00017070281982568226,0.36988194444444444
0.00012913778167592677,0.37008888888888886
0.00017818091749204537,0.3702958333333333
0.00014721128618474646,0.3705033333333333
0.00015628176218085958,0.3707108333333333
0.00017250898718455517,0.3709177777777778
0.0001948900831267102,0.3711247222222222
0.00019066111173554704,0.37133166666666667
0.00019849691143859546,0.3715386111111111
0.00016838883008914827,0.3717455555555556
0.0001868671717638269,0.3719525
0.00017878117931839917,0.37215944444444443
0.00014340516697577423,0.3723663888888889
0.0001796228870575189,0.3725733333333333
0.00022460303965599865,0.3727802777777778
0.0001451575124604015,0.3729872222222222
0.00015158721158433082,0.37319444444444444
0.0001640224450739627,0.37340138888888885
0.00020318826755574162,0.3736088888888889
0.00014929001520704748,0.37381583333333335
0.00017041151320479293,0.37402305555555554
0.00017284336575021676,0.3742297222222222
0.00015455438801994037,0.37443666666666664
0.00020755724093740073,0.37464361111111116
0.0001731518825338617,0.3748505555555556
0.00021235579616489918,0.37505750000000004
0.0001441880677656317,0.37526444444444446
0.0002293889791727557,0.37547138888888887
0.00019558231416248276,0.37567833333333334
0.00015071105561681835,0.37588527777777775
0.00017360951485266668,0.3760922222222222
0.0001739264947285922,0.37629916666666663
0.00015549170936701977,0.3765063888888889
0.00018122279184102868,0.3767133333333333
0.00020115428711013966,0.37692000000000003
0.00015187636279898823,0.37712694444444445
0.00016269478718854014,0.3773338888888889
0.0001676904983834858,0.3775408333333333
0.00018042452328501058,0.3777477777777778
0.00017788501876825252,0.3779547222222222
0.00015775649430382414,0.37816194444444445
0.0001569459670042565,0.37836888888888887
0.00014473089678475467,0.37857583333333333
0.00018551550053028579,0.37878249999999997
0.00017545773106810022,0.3789897222222222
0.0001891972941763753,0.3791966666666666
0.00016413690886826922,0.37940361111111115
0.00015553342367212938,0.37961055555555556
0.0001815324271271744,0.37981750000000003
0.0001612621152029628,0.38002444444444444
0.00012399887908110915,0.3802313888888889
0.00018613333046555366,0.3804386111111111
0.0001357822631169186,0.38064555555555557
0.00019031593344665532,0.3808525
0.00011912929788428238,0.38105944444444445
0.0001710372775037402,0.38126638888888886
0.0001585028538973689,0.38147333333333333
0.0001821674814732341,0.3816808333333333
0.0001751591092810097,0.38188777777777777
0.00013857361055886276,0.3820947222222222
0.0001291145582945506,0.3823016666666667
0.0001224003083583,0.3825086111111111
0.0001816884671275022,0.3827155555555556
0.00018457213333615013,0.3829225
0.0001403114205475573,0.38309305555555556
0.00013848986875561654,0.3833363888888889
0.000159440667563525,0.38354333333333335
0.0001570020692910471,0.38375027777777776
0.00014483733523458565,0.3839572222222222
0.0001670976312331587,0.38416416666666664
0.0001963570858957872,0.38437111111111116
0.0001600938931385931,0.3845780555555556
0.00016821603401186855,0.38478500000000004
0.0001590928100962242,0.38499194444444446
0.0001726058186817453,0.3851991666666667
0.00015777327263517469,0.3854061111111111
0.00017854801839745603,0.3856130555555556
0.00020739168440167042,0.38582
0.00014017805424901446,0.3860269444444444
0.0001423546489076802,0.3862338888888889
0.00016904135211103915,0.3864408333333333
0.00016762479475604728,0.38664777777777776
0.00015510198525981822,0.386855
0.00018247521755473936,0.3870619444444445
0.00013523853224881263,0.3872688888888889
0.00017195240549108335,0.38747583333333335
0.00014411233138018857,0.38768277777777777
0.00016806841668734715,0.38788972222222223
0.00018197763559862177,0.38809666666666665
0.00014397552797881238,0.3883036111111111
0.00015769055960909175,0.3885105555555555
0.00016233298383558814,0.3887175
0.0001477554517777652,0.3889244444444444
0.0001535922362340836,0.38913138888888893
0.00014981653992398922,0.38933861111111107
0.000183093563123914,0.3895455555555556
0.00015915414284007698,0.3897525
0.00014374928963610672,0.38995944444444447
0.00011823319191583678,0.39016666666666666
0.0001565347607821223,0.39037361111111113
0.00015401590686034072,0.39058055555555554
0.00018952349687962917,0.3907875
0.0001532853668941848,0.3909944444444444
0.00012127310811541764,0.3912013888888889
0.00015185845908273737,0.3914083333333333
0.00016333081894367437,0.39161527777777777
0.00010599271564797973,0.3918222222222222
0.00016047717440626413,0.3920291666666667
0.00018267043314164967,0.3922361111111111
0.00015580337981669802,0.3924430555555556
0.00012967870488773695,0.3926497222222222
0.00011680120191164927,0.39285694444444447
0.00011577147074405282,0.39306416666666666
0.00013692892811705253,0.3932711111111111
0.00014690435805075623,0.39347805555555554
0.00014527518005377928,0.3936847222222222
0.00020284546721296284,0.39389166666666664
0.00014564113609167952,0.39409861111111116
0.00017599849172380365,0.3943055555555556
0.00011173442881902041,0.3945125
0.00013643834792980352,0.39471944444444446
0.00012000349713559182,0.3949266666666667
0.0001430492608590834,0.39513333333333334
0.00013575016353871688,0.39534027777777775
9.856210140088714e-05,0.3955472222222222
0.00011200766728192636,0.39575416666666663
0.00013526163622896057,0.3959611111111111
0.00011553423396349473,0.3961680555555555
0.00012523518136951464,0.39637500000000003
0.0001425957783835831,0.39658194444444445
0.00019367305973530676,0.3967888888888889
0.00012064186471290687,0.3969958333333333
0.0001355474953158087,0.3972027777777778
0.000151881804618809,0.3974097222222222
0.0001710605167883497,0.39761722222222223
0.00014975165966954517,0.39782416666666665
0.0001674913772611987,0.3980313888888889
0.00016271148194072524,0.3982383333333333
0.00016213874898745776,0.3984452777777778
0.00012812991504287276,0.3986519444444444
0.00013806244970284028,0.39885916666666665
0.00013793774220805067,0.39906611111111107
0.0001483018317213984,0.3992733333333333
0.00010646562969855086,0.3994802777777777
0.00012930195620605497,0.39968722222222225
0.00015367002410224934,0.39989416666666666
0.0001397334362052465,0.40010111111111113
0.00010173026471187157,0.40030805555555554
0.00013288151586267853,0.400515
0.00015418363141482912,0.4007222222222222
0.00011306573428345598,0.40092916666666667
0.00012336631289177003,0.4011361111111111
0.00018210571071966143,0.40134277777777777
0.00013482103708957742,0.4015497222222222
0.00010189939585880085,0.4017566666666667
0.00013634382868726196,0.4019636111111111
0.00017882930207586652,0.4021705555555556
0.00015630625352035864,0.4023777777777778
0.00012635076399391805,0.40258472222222225
0.00015212673707768506,0.40279166666666666
0.00017524235967610722,0.4029986111111111
0.00014163180269724545,0.4032058333333333
8.37556778850201e-05,0.4034127777777778
0.00015388021089638609,0.4036197222222222
0.00012663744252066237,0.40382666666666667
0.0001412393076691052,0.4040336111111111
0.0001381014869519272,0.4042402777777778
0.00013982874288851122,0.40444722222222224
0.00011774460974743953,0.4046541666666667
0.00014803052866632795,0.4048611111111111
0.00012064259368943232,0.40506805555555553
0.00014930162290337863,0.405275
9.733196904094848e-05,0.40548222222222224
0.00017509554998838134,0.40568916666666666
0.00014171508730381147,0.4058961111111111
0.00015042101361129785,0.40610305555555554
0.0001307558374397264,0.4063102777777778
0.0001532835423663361,0.4065172222222222
0.00012078286159475547,0.4067241666666667
0.00012561136734431043,0.40693111111111113
0.00012388428877047918,0.40713805555555554
0.00011169828218975732,0.407345
0.00010723961428013392,0.4075519444444444
0.0001501176862871152,0.4077588888888889
0.00013453177249874132,0.4079658333333333
0.00019142105812577939,0.4081727777777778
0.00015109309273907102,0.4083797222222222
8.963832349035142e-05,0.4085872222222222
0.00012727334185681668,0.40879472222222224
9.962699438507894e-05,0.40900166666666665
0.0001666942793810481,0.4092086111111111
0.00015918987256431535,0.40941555555555553
0.00014401472924066753,0.4096222222222223
0.0001416914335949289,0.4098294444444444
0.00016071662520951736,0.41003638888888894
0.00014967132276491786,0.41024333333333335
0.00012974629674579352,0.4104502777777778
0.00012763338951679438,0.41065694444444445
0.00011284103260851009,0.41086388888888886
0.00012661095845428898,0.41107083333333333
0.0001558443616350349,0.4112780555555556
7.290596650304178e-05,0.411485
0.00014286667167102537,0.4116919444444444
0.00010697839917724689,0.41189888888888887
0.0001367737162851987,0.4121058333333333
0.00013079072617290643,0.4123127777777778
0.00014540246313825872,0.4125197222222222
9.170559491766758e-05,0.4127263888888889
0.00011249385660267462,0.4129333333333333
0.00012536520501850416,0.4131402777777778
0.00012337244447415666,0.4133472222222222
0.00013320819377597669,0.41355416666666667
0.00010559318687839013,0.4137611111111111
0.00013610282398213524,0.4139680555555556
0.00012230710466620967,0.414175
9.81265383601438e-05,0.4143819444444445
0.0001224494967752879,0.4145888888888889
0.00013426040699266568,0.41479583333333336
0.0001020757774272832,0.4150027777777778
0.00014376182652792077,0.41520972222222224
0.00012164606384077148,0.41541666666666666
0.00014832987156484126,0.41562361111111107
0.0001461731895688377,0.41583055555555554
5.8723237520261814e-05,0.41603749999999995
0.00010206891631087762,0.4162444444444445
0.00015524193399916905,0.4164513888888889
0.0001196511199469633,0.41665833333333335
0.00012124294873343299,0.41686527777777777
9.93707289416728e-05,0.41707222222222223
9.225074570796973e-05,0.41727916666666665
0.00012013279129544698,0.4174861111111111
0.00013220892098511711,0.4176930555555555
0.0001436967284150485,0.4179
0.00014067216910333645,0.4181069444444444
6.661156183593065e-05,0.41831416666666665
0.0001450298180645108,0.41852111111111107
0.0001406434261605808,0.4187280555555556
0.00012009023717967591,0.418935
0.00011802225372001002,0.41914194444444447
0.0001142494559706611,0.4193488888888889
0.0001267298619886236,0.41955583333333335
0.00013277081271478332,0.41976277777777776
0.0001479363379080223,0.41996972222222223
8.58562359210763e-05,0.42017666666666664
7.650405227889715e-05,0.4203838888888889
0.00012703514561495605,0.4205908333333333
0.00011196697258508745,0.42079805555555555
0.0001246863025950212,0.42100499999999996
0.00014553156730060137,0.4212119444444445
0.00011937203855346882,0.4214191666666666
4.987811362559451e-05,0.42162611111111115
0.00010719703418144633,0.42183305555555556
0.0001167503157402264,0.42204
0.00011441258549311217,0.42224694444444444
0.00013668521684218009,0.4224538888888889
8.91978070212517e-05,0.4226608333333333
8.689711750578042e-05,0.4228677777777778
0.00012225294153593968,0.423075
0.000135952892104459,0.42328194444444445
0.00012537391466533067,0.42348916666666664
0.0001153157594306439,0.4236961111111111
0.00013021191574215645,0.4239030555555555
0.00013173515807083042,0.42411
0.00012030467051847315,0.42431694444444445
0.00010202239464061579,0.42452361111111114
0.00010259145228179088,0.42473055555555556
0.00012429017433746373,0.4249375
8.84807110109591e-05,0.42514444444444444
0.0001299396122639886,0.4253513888888889
0.00014227669221538822,0.4255583333333333
0.00015227402945104708,0.4257652777777778
0.0001274868400454487,0.4259722222222222
0.0001432319444496656,0.42617944444444444
9.528906666782933e-05,0.42638611111111113
0.00010024797507368585,0.4265933333333334
0.00010460621587004021,0.4268
0.00012673588570233837,0.4270069444444444
9.677281889565991e-05,0.42721444444444445
0.00012725590237331051,0.4274213888888889
0.00013500620496843734,0.42762833333333333
0.00010827017658726601,0.4278352777777778
0.00010177215357554956,0.4280422222222222
0.00011699641887888007,0.42824972222222224
0.00010862837475590405,0.42845666666666665
0.00011706003480341535,0.42866333333333334
9.636032962055862e-05,0.42887027777777775
0.00013388142003866466,0.4290772222222223
9.722951570320834e-05,0.4292841666666667
0.00010838298569940116,0.4294911111111111
0.00011325553053314465,0.42969805555555557
0.0001041210157612298,0.429905
0.00011420669873449502,0.43011194444444445
0.0001296479652538382,0.43031888888888886
0.00015102908760783817,0.43052583333333333
